"Position","Locus","Disease","Allele","RNA","Homoplasmy","Heteroplasmy","Status ♣(Mitomap [ClinGen])","MitoTIP†","GB Freq  FL (CR)*‡","GB Seqs FL (CR)*","References"
"583","MT-TF","MELAS / MM & EXIT","G583A","tRNA Phe","-","+","Cfrm [VUS*]","Pathogenic","0.000%(0.000%)","0 (0)","5"
"616","MT-TF","Maternally inherited epilepsy / mito tubulointerstitial kidney disease (MITKD) / Gitelman-like syndrome","T616C","tRNA Phe","+","+","Cfrm [LP]","Pathogenic","0.002%(0.000%)","1 (0)","6"
"1494","MT-RNR1","DEAF","C1494T","12S rRNA","+","-","Cfrm [LP]","N/A","0.008%(0.000%)","5 (0)","31"
"1555","MT-RNR1","DEAF; autism spectrum intellectual disability; possibly antiatherosclerotic","A1555G","12S rRNA","+","+","Cfrm [P]","N/A","0.141%(0.000%)","86 (0)","155"
"1606","MT-TV","AMDF","G1606A","tRNA Val","-","+","Cfrm [VUS*]","Pathogenic","0.000%(0.000%)","0 (0)","5"
"1630","MT-TV","MNGIE-like disease / MELAS","A1630G","tRNA Val","-","+","Cfrm [VUS*]","Pathogenic","0.000%(0.000%)","0 (0)","9"
"1644","MT-TV","Leigh Syndrome / HCM / MELAS","G1644A","tRNA Val","-","+","Cfrm [LP]","Pathogenic","0.000%(0.000%)","0 (0)","6"
"3243","MT-TL1","MELAS / Leigh Syndrome / DMDF / MIDD / SNHL / CPEO / MM / FSGS / ASD / Cardiac+multi-organ dysfunction","A3243G","tRNA Leu (UUR)","-","+","Cfrm [P]","Pathogenic","0.016%(0.000%)","10 (0)","465"
"3243","MT-TL1","MM / MELAS / SNHL / CPEO","A3243T","tRNA Leu (UUR)","-","+","Cfrm [LP]","Pathogenic","0.000%(0.000%)","0 (0)","12"
"3256","MT-TL1","MELAS; possible atherosclerosis risk","C3256T","tRNA Leu (UUR)","-","+","Cfrm [LP]","Pathogenic","0.000%(0.000%)","0 (0)","21"
"3258","MT-TL1","MELAS / Myopathy","T3258C","tRNA Leu (UUR)","-","+","Cfrm [LP]","Pathogenic","0.002%(0.000%)","1 (0)","5"
"3260","MT-TL1","MMC / MELAS","A3260G","tRNA Leu (UUR)","-","+","Cfrm [LP]","Pathogenic","0.000%(0.000%)","0 (0)","18"
"3271","MT-TL1","MELAS / DM / MERRF-like","T3271C","tRNA Leu (UUR)","-","+","Cfrm [P]","Pathogenic","0.000%(0.000%)","0 (0)","37"
"3273","MT-TL1","PEM / retinal dystrophy in MELAS","T3273del","tRNA Leu (UUR)","-","+","Cfrm [VUS*]","Pathogenic","0.000%(0.000%)","0 (0)","2"
"3280","MT-TL1","Myopathy","A3280G","tRNA Leu (UUR)","-","+","Cfrm [VUS*]","Pathogenic","0.000%(0.000%)","0 (0)","6"
"3291","MT-TL1","MELAS / Myopathy / Deafness+Cognitive Impairment","T3291C","tRNA Leu (UUR)","-","+","Cfrm [LP]","Pathogenic","0.000%(0.000%)","0 (0)","18"
"3302","MT-TL1","MM","A3302G","tRNA Leu (UUR)","-","+","Cfrm [LP]","Pathogenic","0.000%(0.000%)","0 (0)","15"
"3303","MT-TL1","MMC","C3303T","tRNA Leu (UUR)","+","+","Cfrm [LP]","Pathogenic","0.000%(0.000%)","0 (0)","21"
"4298","MT-TI","CPEO / MS","G4298A","tRNA Ile","-","+","Cfrm [VUS*]","Pathogenic","0.000%(0.000%)","0 (0)","11"
"4300","MT-TI","MICM","A4300G","tRNA Ile","+","+","Cfrm [LP*]","Pathogenic","0.000%(0.000%)","0 (0)","10"
"4308","MT-TI","CPEO","G4308A","tRNA Ile","-","+","Cfrm [VUS*]","Pathogenic","0.000%(0.000%)","0 (0)","3"
"4332","MT-TQ","Encephalopathy / MELAS","G4332A","tRNA Gln","-","+","Cfrm [VUS*]","Pathogenic","0.000%(0.000%)","0 (0)","4"
"4450","MT-TM","Myopathy / MELAS / Leigh Syndrome / EXIT","G4450A","tRNA Met","-","+","Cfrm [LP]","Pathogenic","0.000%(0.000%)","0 (0)","5"
"5521","MT-TW","Mitochondrial myopathy","G5521A","tRNA Trp","-","+","Cfrm [LP]","Pathogenic","0.000%(0.000%)","0 (0)","8"
"5537","MT-TW","Leigh Syndrome","A5537insT","tRNA Trp","-","+","Cfrm [LP]","-","0.000%(0.000%)","0 (0)","6"
"5650","MT-TA","Myopathy","G5650A","tRNA Ala","-","+","Cfrm [LP]","Pathogenic","0.002%(0.000%)","1 (0)","10"
"5690","MT-TN","CPEO+ptosis+proximal myopathy","A5690G","tRNA Asn","-","+","Cfrm [LP]","Pathogenic","0.000%(0.000%)","0 (0)","3"
"5703","MT-TN","CPEO / MM","G5703A","tRNA Asn","-","+","Cfrm [P]","Pathogenic","0.002%(0.000%)","1 (0)","11"
"5728","MT-TN","Multiorgan failure / myopathy","T5728C","tRNA Asn","-","+","Cfrm [LP]","Pathogenic","0.002%(0.000%)","1 (0)","4"
"7445","MT-TS1 precursor","SNHL","A7445G","tRNA Ser (UCN) precursor","+","+","Cfrm [P]","-","0.002%(0.000%)","1 (0)","43"
"7471","MT-TS1","PEM / AMDF / Motor neuron disease-like","C7471CC","tRNA Ser (UCN)","+","+","Cfrm [P]","-","0.011%(0.000%)","7 (0)","32"
"7497","MT-TS1","MM / EXIT","G7497A","tRNA Ser (UCN)","+","+","Cfrm [LP]","Pathogenic","0.002%(0.000%)","1 (0)","8"
"7510","MT-TS1","SNHL","T7510C","tRNA Ser (UCN)","-","+","Cfrm [LP]","Pathogenic","0.002%(0.000%)","1 (0)","14"
"7511","MT-TS1","SNHL/Deafness","T7511C","tRNA Ser (UCN)","+","+","Cfrm [LP]","Pathogenic","0.003%(0.000%)","2 (0)","24"
"8306","MT-TK","Severe adult-onset multisymptom myopathy / Myoclonic epilepsy","T8306C","tRNA Lys","-","+","Cfrm [VUS*]","Pathogenic","0.000%(0.000%)","0 (0)","3"
"8313","MT-TK","MNGIE-like / Progressive mito cytopathy","G8313A","tRNA Lys","-","+","Cfrm [LP]","Pathogenic","0.002%(0.000%)","1 (0)","9"
"8340","MT-TK","Myopathy, Exercise Intolerance, CPEO-like /childhood epilepsy with SNHL & eye disease","G8340A","tRNA Lys","-","+","Cfrm [LP]","Pathogenic","0.000%(0.000%)","0 (0)","11"
"8344","MT-TK","MERRF; Other - LD / depressive mood disorder / leukoencephalopathy / HiCM / lipomas","A8344G","tRNA Lys","-","+","Cfrm [P]","Pathogenic","0.007%(0.000%)","4 (0)","147"
"8356","MT-TK","MERRF","T8356C","tRNA Lys","-","+","Cfrm [LP]","Pathogenic","0.000%(0.000%)","0 (0)","12"
"8363","MT-TK","MICM+DEAF / MERRF / Autism / Leigh Syndrome / Ataxia","G8363A","tRNA Lys","-","+","Cfrm [LP]","Pathogenic","0.000%(0.000%)","0 (0)","23"
"10010","MT-TG","PEM","T10010C","tRNA Gly","-","+","Cfrm [VUS*]","Pathogenic","0.000%(0.000%)","0 (0)","11"
"12147","MT-TH","MERRF-MELAS / Encephalopathy","G12147A","tRNA His","-","+","Cfrm [LP]","Pathogenic","0.000%(0.000%)","0 (0)","6"
"12201","MT-TH","Maternally inherited non-syndromic deafness","T12201C","tRNA His","-","+","Cfrm [LP]","Pathogenic","0.002%(0.000%)","1 (0)","10"
"12258","MT-TS2","DMDF / RP+SNHL","C12258A","tRNA Ser (AGY)","-","+","Cfrm [LP]","Pathogenic","0.002%(0.000%)","1 (0)","9"
"12276","MT-TL2","CPEO","G12276A","tRNA Leu (CUN)","-","+","Cfrm [LP]","Pathogenic","0.002%(0.000%)","1 (0)","4"
"12294","MT-TL2","CPEO / EXIT+Ophthalmoplegia","G12294A","tRNA Leu (CUN)","-","+","Cfrm [VUS*]","Pathogenic","0.000%(0.000%)","0 (0)","2"
"12315","MT-TL2","CPEO / KSS / possible carotid atherosclerosis risk, trend toward myocardial infarction risk","G12315A","tRNA Leu (CUN)","-","+","Cfrm [LP]","Pathogenic","0.000%(0.000%)","0 (0)","15"
"12316","MT-TL2","CPEO / mitochondrial myopathy","G12316A","tRNA Leu (CUN)","-","+","Cfrm [VUS*]","Pathogenic","0.000%(0.000%)","0 (0)","3"
"14674","MT-TE","Reversible COX deficiency myopathy","T14674C","tRNA Glu","+","-","Cfrm [LP]","Pathogenic","0.016%(0.000%)","10 (0)","16"
"14709","MT-TE","MM+DMDF / Encephalomyopathy / Dementia+diabetes+ophthalmoplegia","T14709C","tRNA Glu","+","+","Cfrm [LP]","Pathogenic","0.002%(0.000%)","1 (0)","28"
"14710","MT-TE","Encephalomyopathy + Retinopathy","G14710A","tRNA Glu","-","+","Cfrm [VUS*]","Pathogenic","0.000%(0.000%)","0 (0)","6"
"15923","MT-TT","LIMM / MERRF / mito disease","A15923G","tRNA Thr","+","+","Cfrm [LP]","Pathogenic","0.000%(0.000%)","0 (0)","5"
"15990","MT-TP","MM / PEO","C15990T","tRNA Pro","-","+","Cfrm [LP]","Pathogenic","0.000%(0.000%)","0 (0)","5"