POS	REF	symbol	RNA_base_type	RNA_modified	rRNA_bridge_base
648	A	MT-RNR1	loop-or-other		No
649	A	MT-RNR1	WC		No
650	T	MT-RNR1	loop-or-other		No
651	A	MT-RNR1	WC		No
652	G	MT-RNR1	WC		No
653	G	MT-RNR1	WC		No
654	T	MT-RNR1	non-WC		No
655	T	MT-RNR1	loop-or-other		No
656	T	MT-RNR1	loop-or-other		No
657	G	MT-RNR1	WC		No
658	G	MT-RNR1	WC		No
659	T	MT-RNR1	WC		No
660	C	MT-RNR1	WC		No
661	C	MT-RNR1	WC		No
662	T	MT-RNR1	loop-or-other		No
663	A	MT-RNR1	loop-or-other		No
664	G	MT-RNR1	non-WC		No
665	C	MT-RNR1	WC		No
666	C	MT-RNR1	WC		No
667	T	MT-RNR1	WC		No
668	T	MT-RNR1	WC		No
669	T	MT-RNR1	WC		No
670	C	MT-RNR1	WC		No
671	T	MT-RNR1	WC		No
672	A	MT-RNR1	WC		No
673	T	MT-RNR1	WC		No
674	T	MT-RNR1	WC		No
675	A	MT-RNR1	non-WC		No
676	G	MT-RNR1	non-WC		No
677	C	MT-RNR1	WC		No
678	T	MT-RNR1	loop-or-other		No
679	C	MT-RNR1	loop-or-other		No
680	T	MT-RNR1	WC		No
681	T	MT-RNR1	WC		No
682	A	MT-RNR1	WC		No
683	G	MT-RNR1	WC		No
684	T	MT-RNR1	WC		No
685	A	MT-RNR1	WC		No
686	A	MT-RNR1	WC		No
687	G	MT-RNR1	WC		No
688	A	MT-RNR1	loop-or-other		No
689	T	MT-RNR1	non-WC		No
690	T	MT-RNR1	WC		No
691	A	MT-RNR1	loop-or-other		No
692	C	MT-RNR1	WC		No
693	A	MT-RNR1	WC		No
694	C	MT-RNR1	WC		No
695	A	MT-RNR1	loop-or-other		No
696	T	MT-RNR1	WC		No
697	G	MT-RNR1	WC		No
698	C	MT-RNR1	WC		No
699	A	MT-RNR1	loop-or-other		No
700	A	MT-RNR1	loop-or-other		No
701	G	MT-RNR1	WC		No
702	C	MT-RNR1	non-WC		No
703	A	MT-RNR1	loop-or-other		No
704	T	MT-RNR1	loop-or-other		No
705	C	MT-RNR1	loop-or-other		No
706	C	MT-RNR1	loop-or-other		No
707	C	MT-RNR1	non-WC		No
708	C	MT-RNR1	WC		No
709	G	MT-RNR1	loop-or-other		No
710	T	MT-RNR1	loop-or-other		No
711	T	MT-RNR1	loop-or-other		No
712	C	MT-RNR1	loop-or-other		No
713	C	MT-RNR1	loop-or-other		No
714	A	MT-RNR1	loop-or-other		No
715	G	MT-RNR1	WC		No
716	T	MT-RNR1	WC		No
717	G	MT-RNR1	WC		No
718	A	MT-RNR1	loop-or-other		No
719	G	MT-RNR1	loop-or-other		No
720	T	MT-RNR1	loop-or-other		No
721	T	MT-RNR1	loop-or-other		No
722	C	MT-RNR1	loop-or-other		No
723	A	MT-RNR1	loop-or-other		No
724	C	MT-RNR1	non-WC		No
725	C	MT-RNR1	WC		No
726	C	MT-RNR1	WC		No
727	T	MT-RNR1	WC		No
728	C	MT-RNR1	loop-or-other		No
729	T	MT-RNR1	loop-or-other		No
730	A	MT-RNR1	loop-or-other		No
731	A	MT-RNR1	loop-or-other		No
732	A	MT-RNR1	WC		No
733	T	MT-RNR1	WC		No
734	C	MT-RNR1	WC		No
735	A	MT-RNR1	loop-or-other		No
736	C	MT-RNR1	loop-or-other		No
737	C	MT-RNR1	loop-or-other		No
738	A	MT-RNR1	loop-or-other		No
739	C	MT-RNR1	loop-or-other		No
740	G	MT-RNR1	WC		No
741	A	MT-RNR1	WC		No
742	T	MT-RNR1	WC		No
743	C	MT-RNR1	loop-or-other		No
744	A	MT-RNR1	loop-or-other		No
745	A	MT-RNR1	loop-or-other		No
746	A	MT-RNR1	loop-or-other		No
747	A	MT-RNR1	WC		No
748	G	MT-RNR1	WC		No
749	G	MT-RNR1	WC		No
750	A	MT-RNR1	loop-or-other		No
751	A	MT-RNR1	non-WC		No
752	C	MT-RNR1	loop-or-other		No
753	A	MT-RNR1	WC		No
754	A	MT-RNR1	WC		No
755	G	MT-RNR1	WC		No
756	C	MT-RNR1	WC		No
757	A	MT-RNR1	loop-or-other		No
758	T	MT-RNR1	loop-or-other		No
759	C	MT-RNR1	non-WC		No
760	A	MT-RNR1	loop-or-other		No
761	A	MT-RNR1	WC		No
762	G	MT-RNR1	WC		No
763	C	MT-RNR1	loop-or-other		No
764	A	MT-RNR1	loop-or-other		No
765	C	MT-RNR1	WC		No
766	G	MT-RNR1	WC		No
767	C	MT-RNR1	WC		No
768	A	MT-RNR1	WC		No
769	G	MT-RNR1	loop-or-other		No
770	C	MT-RNR1	loop-or-other		No
771	A	MT-RNR1	loop-or-other		No
772	A	MT-RNR1	loop-or-other		No
773	T	MT-RNR1	WC		No
774	G	MT-RNR1	WC		No
775	C	MT-RNR1	WC		No
776	A	MT-RNR1	loop-or-other		No
777	G	MT-RNR1	WC		No
778	C	MT-RNR1	WC		No
779	T	MT-RNR1	WC		No
780	C	MT-RNR1	loop-or-other		No
781	A	MT-RNR1	loop-or-other		No
782	A	MT-RNR1	loop-or-other		No
783	A	MT-RNR1	loop-or-other		No
784	A	MT-RNR1	loop-or-other		No
785	C	MT-RNR1	non-WC		No
786	G	MT-RNR1	WC		No
787	C	MT-RNR1	WC		No
788	T	MT-RNR1	WC		No
789	T	MT-RNR1	WC		No
790	A	MT-RNR1	loop-or-other		No
791	G	MT-RNR1	WC		No
792	C	MT-RNR1	WC		No
793	C	MT-RNR1	loop-or-other		No
794	T	MT-RNR1	loop-or-other		No
795	A	MT-RNR1	loop-or-other		No
796	G	MT-RNR1	WC		No
797	C	MT-RNR1	WC		No
798	C	MT-RNR1	WC		No
799	A	MT-RNR1	WC		No
800	C	MT-RNR1	WC		No
801	A	MT-RNR1	loop-or-other		No
802	C	MT-RNR1	WC		No
803	C	MT-RNR1	WC		No
804	C	MT-RNR1	WC		No
805	C	MT-RNR1	loop-or-other		No
806	C	MT-RNR1	loop-or-other		No
807	A	MT-RNR1	loop-or-other		No
808	C	MT-RNR1	loop-or-other		No
809	G	MT-RNR1	WC		No
810	G	MT-RNR1	WC		No
811	G	MT-RNR1	WC		No
812	A	MT-RNR1	loop-or-other		No
813	A	MT-RNR1	loop-or-other		No
814	A	MT-RNR1	loop-or-other		No
815	C	MT-RNR1	loop-or-other		No
816	A	MT-RNR1	loop-or-other		No
817	G	MT-RNR1	WC		No
818	C	MT-RNR1	WC		No
819	A	MT-RNR1	WC		No
820	G	MT-RNR1	WC		No
821	T	MT-RNR1	WC		No
822	G	MT-RNR1	WC		No
823	A	MT-RNR1	WC		No
824	T	MT-RNR1	non-WC		No
825	T	MT-RNR1	loop-or-other		No
826	A	MT-RNR1	loop-or-other		No
827	A	MT-RNR1	loop-or-other		No
828	C	MT-RNR1	loop-or-other		No
829	C	MT-RNR1	loop-or-other		No
830	T	MT-RNR1	WC		No
831	T	MT-RNR1	loop-or-other		No
832	T	MT-RNR1	WC		No
833	A	MT-RNR1	WC		No
834	G	MT-RNR1	WC		No
835	C	MT-RNR1	loop-or-other		No
836	A	MT-RNR1	loop-or-other		No
837	A	MT-RNR1	loop-or-other		No
838	T	MT-RNR1	WC		No
839	A	MT-RNR1	WC		No
840	A	MT-RNR1	WC		No
841	A	MT-RNR1	WC		No
842	C	MT-RNR1	WC		No
843	G	MT-RNR1	loop-or-other		No
844	A	MT-RNR1	loop-or-other		No
845	A	MT-RNR1	loop-or-other		No
846	A	MT-RNR1	loop-or-other		No
847	G	MT-RNR1	WC		No
848	T	MT-RNR1	WC		No
849	T	MT-RNR1	WC		No
850	T	MT-RNR1	WC		No
851	A	MT-RNR1	WC		No
852	A	MT-RNR1	loop-or-other		No
853	C	MT-RNR1	WC		No
854	T	MT-RNR1	WC		No
855	A	MT-RNR1	WC		No
856	A	MT-RNR1	WC		No
857	G	MT-RNR1	loop-or-other		No
858	C	MT-RNR1	WC		No
859	T	MT-RNR1	WC		No
860	A	MT-RNR1	loop-or-other		No
861	T	MT-RNR1	WC		No
862	A	MT-RNR1	WC		No
863	C	MT-RNR1	WC		No
864	T	MT-RNR1	WC		No
865	A	MT-RNR1	WC		No
866	A	MT-RNR1	WC		No
867	C	MT-RNR1	loop-or-other		No
868	C	MT-RNR1	loop-or-other		No
869	C	MT-RNR1	loop-or-other		No
870	C	MT-RNR1	loop-or-other		No
871	A	MT-RNR1	loop-or-other		No
872	G	MT-RNR1	WC		No
873	G	MT-RNR1	WC		No
874	G	MT-RNR1	WC		No
875	T	MT-RNR1	WC		No
876	T	MT-RNR1	WC		No
877	G	MT-RNR1	loop-or-other		No
878	G	MT-RNR1	loop-or-other		No
879	T	MT-RNR1	loop-or-other		No
880	C	MT-RNR1	loop-or-other		No
881	A	MT-RNR1	loop-or-other		No
882	A	MT-RNR1	loop-or-other		No
883	T	MT-RNR1	non-WC		No
884	T	MT-RNR1	non-WC		No
885	T	MT-RNR1	WC		No
886	C	MT-RNR1	WC		No
887	G	MT-RNR1	WC		No
888	T	MT-RNR1	loop-or-other		No
889	G	MT-RNR1	loop-or-other		No
890	C	MT-RNR1	loop-or-other		No
891	C	MT-RNR1	loop-or-other		No
892	A	MT-RNR1	loop-or-other		No
893	G	MT-RNR1	WC		No
894	C	MT-RNR1	WC		No
895	C	MT-RNR1	loop-or-other		No
896	A	MT-RNR1	loop-or-other		No
897	C	MT-RNR1	loop-or-other		No
898	C	MT-RNR1	loop-or-other		No
899	G	MT-RNR1	WC		No
900	C	MT-RNR1	WC		No
901	G	MT-RNR1	loop-or-other		No
902	G	MT-RNR1	loop-or-other		No
903	T	MT-RNR1	loop-or-other		No
904	C	MT-RNR1	loop-or-other		No
905	A	MT-RNR1	loop-or-other		No
906	C	MT-RNR1	loop-or-other		No
907	A	MT-RNR1	loop-or-other		No
908	C	MT-RNR1	WC		No
909	G	MT-RNR1	WC		No
910	A	MT-RNR1	WC		No
911	T	MT-RNR1	non-WC		No
912	T	MT-RNR1	non-WC		No
913	A	MT-RNR1	WC		No
914	A	MT-RNR1	WC		No
915	C	MT-RNR1	WC		No
916	C	MT-RNR1	WC		No
917	C	MT-RNR1	WC		No
918	A	MT-RNR1	loop-or-other		No
919	A	MT-RNR1	loop-or-other		No
920	G	MT-RNR1	WC		No
921	T	MT-RNR1	non-WC		No
922	C	MT-RNR1	non-WC		No
923	A	MT-RNR1	WC		No
924	A	MT-RNR1	WC		No
925	T	MT-RNR1	WC		No
926	A	MT-RNR1	WC		No
927	G	MT-RNR1	WC		No
928	A	MT-RNR1	WC		No
929	A	MT-RNR1	loop-or-other		No
930	G	MT-RNR1	loop-or-other		No
931	C	MT-RNR1	loop-or-other		No
932	C	MT-RNR1	loop-or-other		No
933	G	MT-RNR1	WC		No
934	G	MT-RNR1	WC		No
935	C	MT-RNR1	WC		No
936	G	MT-RNR1	loop-or-other		No
937	T	MT-RNR1	loop-or-other		No
938	A	MT-RNR1	loop-or-other		No
939	A	MT-RNR1	loop-or-other		No
940	A	MT-RNR1	loop-or-other		No
941	G	MT-RNR1	loop-or-other		No
942	A	MT-RNR1	loop-or-other		No
943	G	MT-RNR1	WC		No
944	T	MT-RNR1	WC		No
945	G	MT-RNR1	WC		No
946	T	MT-RNR1	WC		No
947	T	MT-RNR1	loop-or-other		No
948	T	MT-RNR1	loop-or-other		No
949	T	MT-RNR1	loop-or-other		No
950	A	MT-RNR1	WC		No
951	G	MT-RNR1	WC		No
952	A	MT-RNR1	WC		No
953	T	MT-RNR1	loop-or-other		No
954	C	MT-RNR1	loop-or-other		No
955	A	MT-RNR1	loop-or-other		No
956	C	MT-RNR1	loop-or-other		No
957	C	MT-RNR1	loop-or-other		No
958	C	MT-RNR1	loop-or-other		No
959	C	MT-RNR1	loop-or-other		No
960	C	MT-RNR1	loop-or-other		No
961	T	MT-RNR1	loop-or-other		No
962	C	MT-RNR1	loop-or-other		No
963	C	MT-RNR1	loop-or-other		No
964	C	MT-RNR1	loop-or-other		No
965	C	MT-RNR1	loop-or-other		No
966	A	MT-RNR1	loop-or-other		No
967	A	MT-RNR1	loop-or-other		No
968	T	MT-RNR1	WC		No
969	A	MT-RNR1	WC		No
970	A	MT-RNR1	WC		No
971	A	MT-RNR1	WC		No
972	G	MT-RNR1	WC		No
973	C	MT-RNR1	WC		No
974	T	MT-RNR1	WC		No
975	A	MT-RNR1	non-WC		No
976	A	MT-RNR1	loop-or-other		No
977	A	MT-RNR1	loop-or-other		No
978	A	MT-RNR1	non-WC		No
979	C	MT-RNR1	non-WC		No
980	T	MT-RNR1	WC		No
981	C	MT-RNR1	WC		No
982	A	MT-RNR1	WC		No
983	C	MT-RNR1	non-WC		No
984	C	MT-RNR1	WC		No
985	T	MT-RNR1	WC		No
986	G	MT-RNR1	loop-or-other		No
987	A	MT-RNR1	loop-or-other		No
988	G	MT-RNR1	WC		No
989	T	MT-RNR1	WC		No
990	T	MT-RNR1	WC		No
991	G	MT-RNR1	loop-or-other		No
992	T	MT-RNR1	loop-or-other		No
993	A	MT-RNR1	loop-or-other		No
994	A	MT-RNR1	loop-or-other		No
995	A	MT-RNR1	loop-or-other		No
996	A	MT-RNR1	loop-or-other		No
997	A	MT-RNR1	WC		No
998	A	MT-RNR1	WC		No
999	C	MT-RNR1	WC		No
1000	T	MT-RNR1	loop-or-other		Yes
1001	C	MT-RNR1	loop-or-other		Yes
1002	C	MT-RNR1	loop-or-other		No
1003	A	MT-RNR1	WC		No
1004	G	MT-RNR1	WC		No
1005	T	MT-RNR1	non-WC		No
1006	T	MT-RNR1	WC		No
1007	G	MT-RNR1	WC		No
1008	A	MT-RNR1	WC		No
1009	C	MT-RNR1	non-WC		No
1010	A	MT-RNR1	non-WC		No
1011	C	MT-RNR1	loop-or-other		No
1012	A	MT-RNR1	loop-or-other		No
1013	A	MT-RNR1	non-WC		No
1014	A	MT-RNR1	WC		No
1015	A	MT-RNR1	loop-or-other		No
1016	T	MT-RNR1	loop-or-other		No
1017	A	MT-RNR1	loop-or-other		No
1018	G	MT-RNR1	loop-or-other		No
1019	A	MT-RNR1	loop-or-other		No
1020	C	MT-RNR1	WC		No
1021	T	MT-RNR1	loop-or-other		No
1022	A	MT-RNR1	WC		No
1023	C	MT-RNR1	WC		No
1024	G	MT-RNR1	loop-or-other		No
1025	A	MT-RNR1	loop-or-other		No
1026	A	MT-RNR1	loop-or-other		No
1027	A	MT-RNR1	loop-or-other		No
1028	G	MT-RNR1	WC		No
1029	T	MT-RNR1	WC		No
1030	G	MT-RNR1	WC		No
1031	G	MT-RNR1	WC		No
1032	C	MT-RNR1	WC		No
1033	T	MT-RNR1	WC		No
1034	T	MT-RNR1	WC		No
1035	T	MT-RNR1	WC		No
1036	A	MT-RNR1	WC		No
1037	A	MT-RNR1	loop-or-other		No
1038	C	MT-RNR1	loop-or-other		No
1039	A	MT-RNR1	loop-or-other		No
1040	T	MT-RNR1	loop-or-other		No
1041	A	MT-RNR1	loop-or-other		No
1042	T	MT-RNR1	WC		No
1043	C	MT-RNR1	WC		No
1044	T	MT-RNR1	WC		No
1045	G	MT-RNR1	loop-or-other		No
1046	A	MT-RNR1	loop-or-other		No
1047	A	MT-RNR1	loop-or-other		No
1048	C	MT-RNR1	loop-or-other		No
1049	A	MT-RNR1	WC		No
1050	C	MT-RNR1	WC		No
1051	A	MT-RNR1	WC		No
1052	C	MT-RNR1	WC		No
1053	A	MT-RNR1	loop-or-other		No
1054	A	MT-RNR1	loop-or-other		No
1055	T	MT-RNR1	loop-or-other		No
1056	A	MT-RNR1	loop-or-other		No
1057	G	MT-RNR1	WC		No
1058	C	MT-RNR1	WC		Yes
1059	T	MT-RNR1	WC		Yes
1060	A	MT-RNR1	WC		Yes
1061	A	MT-RNR1	WC		Yes
1062	G	MT-RNR1	WC		No
1063	A	MT-RNR1	loop-or-other		No
1064	C	MT-RNR1	loop-or-other		No
1065	C	MT-RNR1	loop-or-other		No
1066	C	MT-RNR1	WC		No
1067	A	MT-RNR1	WC		No
1068	A	MT-RNR1	loop-or-other		No
1069	A	MT-RNR1	loop-or-other		No
1070	C	MT-RNR1	loop-or-other		No
1071	T	MT-RNR1	WC		Yes
1072	G	MT-RNR1	WC		Yes
1073	G	MT-RNR1	WC		Yes
1074	G	MT-RNR1	WC		No
1075	A	MT-RNR1	loop-or-other		No
1076	T	MT-RNR1	loop-or-other	5-methyluridine	No
1077	T	MT-RNR1	loop-or-other		No
1078	A	MT-RNR1	loop-or-other		No
1079	G	MT-RNR1	loop-or-other		No
1080	A	MT-RNR1	loop-or-other		No
1081	T	MT-RNR1	loop-or-other		No
1082	A	MT-RNR1	loop-or-other		No
1083	C	MT-RNR1	loop-or-other		No
1084	C	MT-RNR1	WC		No
1085	C	MT-RNR1	WC		No
1086	C	MT-RNR1	WC		No
1087	A	MT-RNR1	WC		No
1088	C	MT-RNR1	loop-or-other		No
1089	T	MT-RNR1	loop-or-other		No
1090	A	MT-RNR1	loop-or-other		No
1091	T	MT-RNR1	WC		No
1092	G	MT-RNR1	WC		No
1093	C	MT-RNR1	WC		No
1094	T	MT-RNR1	WC		No
1095	T	MT-RNR1	WC		No
1096	A	MT-RNR1	WC		No
1097	G	MT-RNR1	WC		No
1098	C	MT-RNR1	WC		No
1099	C	MT-RNR1	loop-or-other		No
1100	C	MT-RNR1	loop-or-other		No
1101	T	MT-RNR1	loop-or-other		No
1102	A	MT-RNR1	loop-or-other		No
1103	A	MT-RNR1	loop-or-other		No
1104	A	MT-RNR1	loop-or-other		No
1105	C	MT-RNR1	loop-or-other		No
1106	C	MT-RNR1	loop-or-other		No
1107	T	MT-RNR1	loop-or-other		No
1108	C	MT-RNR1	loop-or-other		No
1109	A	MT-RNR1	WC		No
1110	A	MT-RNR1	non-WC		No
1111	C	MT-RNR1	WC		No
1112	A	MT-RNR1	WC		No
1113	G	MT-RNR1	WC		No
1114	T	MT-RNR1	WC		No
1115	T	MT-RNR1	WC		No
1116	A	MT-RNR1	loop-or-other		No
1117	A	MT-RNR1	loop-or-other		No
1118	A	MT-RNR1	loop-or-other		No
1119	T	MT-RNR1	loop-or-other		No
1120	C	MT-RNR1	loop-or-other		No
1121	A	MT-RNR1	loop-or-other		No
1122	A	MT-RNR1	loop-or-other		No
1123	C	MT-RNR1	loop-or-other		No
1124	A	MT-RNR1	loop-or-other		No
1125	A	MT-RNR1	loop-or-other		No
1126	A	MT-RNR1	WC		No
1127	A	MT-RNR1	WC		No
1128	C	MT-RNR1	WC		No
1129	T	MT-RNR1	WC		No
1130	G	MT-RNR1	WC		No
1131	C	MT-RNR1	non-WC		No
1132	T	MT-RNR1	WC		No
1133	C	MT-RNR1	loop-or-other		No
1134	G	MT-RNR1	WC		No
1135	C	MT-RNR1	WC		No
1136	C	MT-RNR1	WC		No
1137	A	MT-RNR1	loop-or-other		No
1138	G	MT-RNR1	WC		No
1139	A	MT-RNR1	WC		No
1140	A	MT-RNR1	non-WC		No
1141	C	MT-RNR1	loop-or-other		No
1142	A	MT-RNR1	loop-or-other		No
1143	C	MT-RNR1	loop-or-other		No
1144	T	MT-RNR1	loop-or-other		No
1145	A	MT-RNR1	loop-or-other		No
1146	C	MT-RNR1	loop-or-other		No
1147	G	MT-RNR1	non-WC		No
1148	A	MT-RNR1	WC		No
1149	G	MT-RNR1	WC		No
1150	C	MT-RNR1	WC		No
1151	C	MT-RNR1	loop-or-other		No
1152	A	MT-RNR1	loop-or-other		No
1153	C	MT-RNR1	loop-or-other		Yes
1154	A	MT-RNR1	loop-or-other		Yes
1155	G	MT-RNR1	WC		No
1156	C	MT-RNR1	WC		No
1157	T	MT-RNR1	WC		No
1158	T	MT-RNR1	non-WC		No
1159	A	MT-RNR1	loop-or-other		No
1160	A	MT-RNR1	loop-or-other		No
1161	A	MT-RNR1	loop-or-other		No
1162	A	MT-RNR1	loop-or-other		No
1163	C	MT-RNR1	non-WC		No
1164	T	MT-RNR1	WC		No
1165	C	MT-RNR1	WC		No
1166	A	MT-RNR1	loop-or-other		No
1167	A	MT-RNR1	loop-or-other		No
1168	A	MT-RNR1	loop-or-other		No
1169	G	MT-RNR1	WC		No
1170	G	MT-RNR1	WC		No
1171	A	MT-RNR1	WC		No
1172	C	MT-RNR1	WC		No
1173	C	MT-RNR1	WC		No
1174	T	MT-RNR1	WC		No
1175	G	MT-RNR1	WC		No
1176	G	MT-RNR1	non-WC		No
1177	C	MT-RNR1	WC		No
1178	G	MT-RNR1	WC		No
1179	G	MT-RNR1	loop-or-other		No
1180	T	MT-RNR1	non-WC		No
1181	G	MT-RNR1	WC		No
1182	C	MT-RNR1	WC		No
1183	T	MT-RNR1	WC		No
1184	T	MT-RNR1	WC		No
1185	C	MT-RNR1	WC		No
1186	A	MT-RNR1	WC		No
1187	T	MT-RNR1	loop-or-other		No
1188	A	MT-RNR1	loop-or-other		No
1189	T	MT-RNR1	loop-or-other		No
1190	C	MT-RNR1	WC		No
1191	C	MT-RNR1	WC		No
1192	C	MT-RNR1	WC		No
1193	T	MT-RNR1	loop-or-other		No
1194	C	MT-RNR1	WC		No
1195	T	MT-RNR1	WC		No
1196	A	MT-RNR1	WC		No
1197	G	MT-RNR1	non-WC		No
1198	A	MT-RNR1	WC		No
1199	G	MT-RNR1	loop-or-other		No
1200	G	MT-RNR1	non-WC		No
1201	A	MT-RNR1	WC		No
1202	G	MT-RNR1	WC		No
1203	C	MT-RNR1	WC		No
1204	C	MT-RNR1	WC		No
1205	T	MT-RNR1	non-WC		No
1206	G	MT-RNR1	non-WC		No
1207	T	MT-RNR1	WC		No
1208	T	MT-RNR1	WC		No
1209	C	MT-RNR1	WC		No
1210	T	MT-RNR1	WC		No
1211	G	MT-RNR1	loop-or-other		No
1212	T	MT-RNR1	loop-or-other		No
1213	A	MT-RNR1	loop-or-other		No
1214	A	MT-RNR1	loop-or-other		No
1215	T	MT-RNR1	loop-or-other		No
1216	C	MT-RNR1	WC		No
1217	G	MT-RNR1	WC		No
1218	A	MT-RNR1	loop-or-other		No
1219	T	MT-RNR1	loop-or-other		No
1220	A	MT-RNR1	loop-or-other		No
1221	A	MT-RNR1	loop-or-other		No
1222	A	MT-RNR1	loop-or-other		No
1223	C	MT-RNR1	loop-or-other		No
1224	C	MT-RNR1	loop-or-other		No
1225	C	MT-RNR1	loop-or-other		No
1226	C	MT-RNR1	WC		No
1227	G	MT-RNR1	WC		No
1228	A	MT-RNR1	loop-or-other		No
1229	T	MT-RNR1	loop-or-other		No
1230	C	MT-RNR1	loop-or-other		No
1231	A	MT-RNR1	loop-or-other		No
1232	A	MT-RNR1	loop-or-other		No
1233	C	MT-RNR1	loop-or-other		No
1234	C	MT-RNR1	loop-or-other		No
1235	T	MT-RNR1	loop-or-other		No
1236	C	MT-RNR1	loop-or-other		No
1237	A	MT-RNR1	loop-or-other		No
1238	C	MT-RNR1	WC		No
1239	C	MT-RNR1	WC		No
1240	A	MT-RNR1	WC		No
1241	C	MT-RNR1	WC		No
1242	C	MT-RNR1	WC		No
1243	T	MT-RNR1	WC		No
1244	C	MT-RNR1	WC		No
1245	T	MT-RNR1	loop-or-other		No
1246	T	MT-RNR1	loop-or-other		No
1247	G	MT-RNR1	loop-or-other		No
1248	C	MT-RNR1	loop-or-other		No
1249	T	MT-RNR1	loop-or-other		No
1250	C	MT-RNR1	loop-or-other		No
1251	A	MT-RNR1	loop-or-other		No
1252	G	MT-RNR1	WC		No
1253	C	MT-RNR1	WC		No
1254	C	MT-RNR1	loop-or-other		No
1255	T	MT-RNR1	WC		No
1256	A	MT-RNR1	WC		No
1257	T	MT-RNR1	non-WC		No
1258	A	MT-RNR1	WC		No
1259	T	MT-RNR1	loop-or-other		No
1260	A	MT-RNR1	loop-or-other		No
1261	C	MT-RNR1	WC		No
1262	C	MT-RNR1	WC		No
1263	G	MT-RNR1	non-WC		No
1264	C	MT-RNR1	WC		No
1265	C	MT-RNR1	WC		No
1266	A	MT-RNR1	WC		No
1267	T	MT-RNR1	non-WC		No
1268	C	MT-RNR1	WC		No
1269	T	MT-RNR1	non-WC		No
1270	T	MT-RNR1	loop-or-other		No
1271	C	MT-RNR1	loop-or-other		No
1272	A	MT-RNR1	loop-or-other		No
1273	G	MT-RNR1	WC		No
1274	C	MT-RNR1	WC		No
1275	A	MT-RNR1	non-WC		No
1276	A	MT-RNR1	non-WC		No
1277	A	MT-RNR1	WC		No
1278	C	MT-RNR1	WC		No
1279	C	MT-RNR1	WC		No
1280	C	MT-RNR1	WC		No
1281	T	MT-RNR1	WC		No
1282	G	MT-RNR1	loop-or-other		No
1283	A	MT-RNR1	loop-or-other		No
1284	T	MT-RNR1	loop-or-other		No
1285	G	MT-RNR1	loop-or-other		No
1286	A	MT-RNR1	loop-or-other		No
1287	A	MT-RNR1	WC		No
1288	G	MT-RNR1	WC		No
1289	G	MT-RNR1	WC		No
1290	C	MT-RNR1	loop-or-other		No
1291	T	MT-RNR1	loop-or-other		No
1292	A	MT-RNR1	loop-or-other		No
1293	C	MT-RNR1	loop-or-other		No
1294	A	MT-RNR1	loop-or-other		No
1295	A	MT-RNR1	loop-or-other		No
1296	A	MT-RNR1	loop-or-other		No
1297	G	MT-RNR1	WC		No
1298	T	MT-RNR1	WC		No
1299	A	MT-RNR1	non-WC		No
1300	A	MT-RNR1	non-WC		No
1301	G	MT-RNR1	WC		No
1302	C	MT-RNR1	WC		No
1303	G	MT-RNR1	loop-or-other		No
1304	C	MT-RNR1	loop-or-other		No
1305	A	MT-RNR1	loop-or-other		No
1306	A	MT-RNR1	loop-or-other		No
1307	G	MT-RNR1	loop-or-other		No
1308	T	MT-RNR1	WC		No
1309	A	MT-RNR1	WC		No
1310	C	MT-RNR1	WC		No
1311	C	MT-RNR1	loop-or-other		No
1312	C	MT-RNR1	loop-or-other		No
1313	A	MT-RNR1	loop-or-other		No
1314	C	MT-RNR1	loop-or-other		No
1315	G	MT-RNR1	WC		No
1316	T	MT-RNR1	WC		No
1317	A	MT-RNR1	WC		No
1318	A	MT-RNR1	loop-or-other		No
1319	A	MT-RNR1	loop-or-other		No
1320	G	MT-RNR1	loop-or-other		No
1321	A	MT-RNR1	loop-or-other		No
1322	C	MT-RNR1	non-WC		No
1323	G	MT-RNR1	WC		No
1324	T	MT-RNR1	non-WC		No
1325	T	MT-RNR1	WC		No
1326	A	MT-RNR1	loop-or-other		No
1327	G	MT-RNR1	WC		No
1328	G	MT-RNR1	WC		No
1329	T	MT-RNR1	non-WC		No
1330	C	MT-RNR1	loop-or-other		No
1331	A	MT-RNR1	loop-or-other		No
1332	A	MT-RNR1	loop-or-other		No
1333	G	MT-RNR1	WC		No
1334	G	MT-RNR1	WC		No
1335	T	MT-RNR1	WC		No
1336	G	MT-RNR1	non-WC		No
1337	T	MT-RNR1	WC		No
1338	A	MT-RNR1	WC		No
1339	G	MT-RNR1	WC		No
1340	C	MT-RNR1	WC		No
1341	C	MT-RNR1	loop-or-other		No
1342	C	MT-RNR1	loop-or-other		No
1343	A	MT-RNR1	loop-or-other		No
1344	T	MT-RNR1	loop-or-other		No
1345	G	MT-RNR1	WC		No
1346	A	MT-RNR1	WC		No
1347	G	MT-RNR1	WC		No
1348	G	MT-RNR1	WC		No
1349	T	MT-RNR1	WC		No
1350	G	MT-RNR1	WC		No
1351	G	MT-RNR1	WC		No
1352	C	MT-RNR1	loop-or-other		No
1353	A	MT-RNR1	loop-or-other		No
1354	A	MT-RNR1	WC		No
1355	G	MT-RNR1	WC		No
1356	A	MT-RNR1	loop-or-other		No
1357	A	MT-RNR1	WC		No
1358	A	MT-RNR1	WC		No
1359	T	MT-RNR1	non-WC		No
1360	G	MT-RNR1	non-WC		No
1361	G	MT-RNR1	WC		No
1362	G	MT-RNR1	WC		No
1363	C	MT-RNR1	WC		No
1364	T	MT-RNR1	WC		No
1365	A	MT-RNR1	non-WC		No
1366	C	MT-RNR1	loop-or-other		No
1367	A	MT-RNR1	loop-or-other		No
1368	T	MT-RNR1	loop-or-other		No
1369	T	MT-RNR1	loop-or-other		No
1370	T	MT-RNR1	WC		No
1371	T	MT-RNR1	WC		No
1372	C	MT-RNR1	WC		No
1373	T	MT-RNR1	WC		No
1374	A	MT-RNR1	loop-or-other		No
1375	C	MT-RNR1	loop-or-other		No
1376	C	MT-RNR1	loop-or-other		No
1377	C	MT-RNR1	loop-or-other		No
1378	C	MT-RNR1	loop-or-other		No
1379	A	MT-RNR1	WC		No
1380	G	MT-RNR1	WC		No
1381	A	MT-RNR1	WC		No
1382	A	MT-RNR1	WC		No
1383	A	MT-RNR1	loop-or-other		No
1384	A	MT-RNR1	loop-or-other		No
1385	C	MT-RNR1	loop-or-other		No
1386	T	MT-RNR1	loop-or-other		No
1387	A	MT-RNR1	loop-or-other		No
1388	C	MT-RNR1	WC		No
1389	G	MT-RNR1	loop-or-other		No
1390	A	MT-RNR1	loop-or-other		No
1391	T	MT-RNR1	loop-or-other		No
1392	A	MT-RNR1	non-WC		No
1393	G	MT-RNR1	non-WC		No
1394	C	MT-RNR1	WC		No
1395	C	MT-RNR1	WC		No
1396	C	MT-RNR1	WC		No
1397	T	MT-RNR1	WC		No
1398	T	MT-RNR1	WC		No
1399	A	MT-RNR1	WC		No
1400	T	MT-RNR1	loop-or-other		No
1401	G	MT-RNR1	loop-or-other		No
1402	A	MT-RNR1	loop-or-other		No
1403	A	MT-RNR1	loop-or-other		No
1404	A	MT-RNR1	loop-or-other		No
1405	C	MT-RNR1	loop-or-other		No
1406	T	MT-RNR1	loop-or-other		No
1407	T	MT-RNR1	WC		No
1408	A	MT-RNR1	WC		No
1409	A	MT-RNR1	WC		No
1410	G	MT-RNR1	WC		No
1411	G	MT-RNR1	WC		No
1412	G	MT-RNR1	WC		No
1413	T	MT-RNR1	non-WC		No
1414	C	MT-RNR1	non-WC		No
1415	G	MT-RNR1	loop-or-other		No
1416	A	MT-RNR1	loop-or-other		No
1417	A	MT-RNR1	loop-or-other		No
1418	G	MT-RNR1	WC		No
1419	G	MT-RNR1	loop-or-other		No
1420	T	MT-RNR1	loop-or-other		No
1421	G	MT-RNR1	loop-or-other		No
1422	G	MT-RNR1	loop-or-other		No
1423	A	MT-RNR1	loop-or-other		No
1424	T	MT-RNR1	WC		No
1425	T	MT-RNR1	non-WC		No
1426	T	MT-RNR1	WC		No
1427	A	MT-RNR1	WC		No
1428	G	MT-RNR1	WC		No
1429	C	MT-RNR1	loop-or-other		No
1430	A	MT-RNR1	loop-or-other		No
1431	G	MT-RNR1	loop-or-other		No
1432	T	MT-RNR1	loop-or-other		No
1433	A	MT-RNR1	loop-or-other		No
1434	A	MT-RNR1	WC		No
1435	A	MT-RNR1	WC		No
1436	C	MT-RNR1	WC		No
1437	T	MT-RNR1	WC		No
1438	A	MT-RNR1	WC		No
1439	A	MT-RNR1	WC		No
1440	G	MT-RNR1	WC		No
1441	A	MT-RNR1	non-WC		No
1442	G	MT-RNR1	loop-or-other		No
1443	T	MT-RNR1	loop-or-other		No
1444	A	MT-RNR1	loop-or-other		No
1445	G	MT-RNR1	loop-or-other		No
1446	A	MT-RNR1	loop-or-other		No
1447	G	MT-RNR1	loop-or-other		No
1448	T	MT-RNR1	loop-or-other		No
1449	G	MT-RNR1	non-WC		No
1450	C	MT-RNR1	WC		No
1451	T	MT-RNR1	WC		No
1452	T	MT-RNR1	WC		No
1453	A	MT-RNR1	WC		No
1454	G	MT-RNR1	WC		No
1455	T	MT-RNR1	WC		No
1456	T	MT-RNR1	WC		No
1457	G	MT-RNR1	loop-or-other		No
1458	A	MT-RNR1	loop-or-other		No
1459	A	MT-RNR1	loop-or-other		No
1460	C	MT-RNR1	loop-or-other		No
1461	A	MT-RNR1	loop-or-other		No
1462	G	MT-RNR1	WC		No
1463	G	MT-RNR1	WC		No
1464	G	MT-RNR1	WC		No
1465	C	MT-RNR1	loop-or-other		No
1466	C	MT-RNR1	loop-or-other		No
1467	C	MT-RNR1	loop-or-other		No
1468	T	MT-RNR1	WC		No
1469	G	MT-RNR1	WC		No
1470	A	MT-RNR1	WC		No
1471	A	MT-RNR1	WC		No
1472	G	MT-RNR1	WC		No
1473	C	MT-RNR1	WC		No
1474	G	MT-RNR1	non-WC		No
1475	C	MT-RNR1	WC		No
1476	G	MT-RNR1	WC		No
1477	T	MT-RNR1	non-WC		No
1478	A	MT-RNR1	loop-or-other		No
1479	C	MT-RNR1	WC		No
1480	A	MT-RNR1	WC		No
1481	C	MT-RNR1	loop-or-other		No
1482	A	MT-RNR1	loop-or-other		No
1483	C	MT-RNR1	loop-or-other		No
1484	C	MT-RNR1	loop-or-other		No
1485	G	MT-RNR1	WC		No
1486	C	MT-RNR1	non-WC	4-methylcytidine	No
1487	C	MT-RNR1	loop-or-other		No
1488	C	MT-RNR1	WC	5-methylcytidine	No
1489	G	MT-RNR1	WC		No
1490	T	MT-RNR1	non-WC		Yes
1491	C	MT-RNR1	WC		Yes
1492	A	MT-RNR1	loop-or-other		Yes
1493	C	MT-RNR1	loop-or-other		Yes
1494	C	MT-RNR1	non-WC		No
1495	C	MT-RNR1	WC		No
1496	T	MT-RNR1	WC		No
1497	C	MT-RNR1	WC		No
1498	C	MT-RNR1	WC		No
1499	T	MT-RNR1	WC		No
1500	C	MT-RNR1	WC		No
1501	A	MT-RNR1	loop-or-other		No
1502	A	MT-RNR1	loop-or-other		Yes
1503	G	MT-RNR1	loop-or-other		Yes
1504	T	MT-RNR1	WC		Yes
1505	A	MT-RNR1	WC		No
1506	T	MT-RNR1	WC		No
1507	A	MT-RNR1	WC		No
1508	C	MT-RNR1	non-WC		No
1509	T	MT-RNR1	non-WC		No
1510	T	MT-RNR1	WC		No
1511	C	MT-RNR1	WC		No
1512	A	MT-RNR1	loop-or-other		No
1513	A	MT-RNR1	loop-or-other		No
1514	A	MT-RNR1	WC		No
1515	G	MT-RNR1	WC		No
1516	G	MT-RNR1	WC		No
1517	A	MT-RNR1	loop-or-other		No
1518	C	MT-RNR1	loop-or-other		No
1519	A	MT-RNR1	loop-or-other		No
1520	T	MT-RNR1	loop-or-other		No
1521	T	MT-RNR1	WC		No
1522	T	MT-RNR1	WC		No
1523	A	MT-RNR1	loop-or-other		No
1524	A	MT-RNR1	loop-or-other		No
1525	C	MT-RNR1	loop-or-other		No
1526	T	MT-RNR1	loop-or-other		No
1527	A	MT-RNR1	loop-or-other		No
1528	A	MT-RNR1	WC		No
1529	A	MT-RNR1	WC		No
1530	A	MT-RNR1	loop-or-other		No
1531	C	MT-RNR1	loop-or-other		No
1532	C	MT-RNR1	loop-or-other		No
1533	C	MT-RNR1	WC		No
1534	C	MT-RNR1	WC		No
1535	T	MT-RNR1	WC		No
1536	A	MT-RNR1	loop-or-other		No
1537	C	MT-RNR1	loop-or-other		No
1538	G	MT-RNR1	WC		No
1539	C	MT-RNR1	loop-or-other		No
1540	A	MT-RNR1	WC		No
1541	T	MT-RNR1	non-WC		No
1542	T	MT-RNR1	non-WC		No
1543	T	MT-RNR1	WC		No
1544	A	MT-RNR1	WC		No
1545	T	MT-RNR1	WC		No
1546	A	MT-RNR1	WC		No
1547	T	MT-RNR1	loop-or-other		No
1548	A	MT-RNR1	loop-or-other		Yes
1549	G	MT-RNR1	WC		Yes
1550	A	MT-RNR1	WC		Yes
1551	G	MT-RNR1	WC		No
1552	G	MT-RNR1	WC		No
1553	A	MT-RNR1	WC		No
1554	G	MT-RNR1	WC		No
1555	A	MT-RNR1	non-WC		No
1556	C	MT-RNR1	loop-or-other		No
1557	A	MT-RNR1	loop-or-other		No
1558	A	MT-RNR1	loop-or-other		No
1559	G	MT-RNR1	WC		Yes
1560	T	MT-RNR1	non-WC		Yes
1561	C	MT-RNR1	WC		Yes
1562	G	MT-RNR1	WC		Yes
1563	T	MT-RNR1	loop-or-other		No
1564	A	MT-RNR1	loop-or-other		No
1565	A	MT-RNR1	non-WC		No
1566	C	MT-RNR1	WC		No
1567	A	MT-RNR1	loop-or-other		No
1568	T	MT-RNR1	loop-or-other		No
1569	G	MT-RNR1	loop-or-other		No
1570	G	MT-RNR1	loop-or-other		No
1571	T	MT-RNR1	loop-or-other		No
1572	A	MT-RNR1	WC		No
1573	A	MT-RNR1	WC		No
1574	G	MT-RNR1	WC		No
1575	T	MT-RNR1	WC		No
1576	G	MT-RNR1	WC		No
1577	T	MT-RNR1	non-WC		No
1578	A	MT-RNR1	WC		No
1579	C	MT-RNR1	WC		No
1580	T	MT-RNR1	WC		No
1581	G	MT-RNR1	loop-or-other		No
1582	G	MT-RNR1	loop-or-other		Yes
1583	A	MT-RNR1	loop-or-other	N6-dimethylation	No
1584	A	MT-RNR1	loop-or-other	N6-dimethylation	No
1585	A	MT-RNR1	WC		No
1586	G	MT-RNR1	WC		No
1587	T	MT-RNR1	WC		No
1588	G	MT-RNR1	non-WC		No
1589	C	MT-RNR1	WC		No
1590	A	MT-RNR1	WC		No
1591	C	MT-RNR1	WC		No
1592	T	MT-RNR1	WC		No
1593	T	MT-RNR1	WC		No
1594	G	MT-RNR1	loop-or-other		No
1595	G	MT-RNR1	loop-or-other		No
1596	A	MT-RNR1	loop-or-other		No
1597	C	MT-RNR1	loop-or-other		No
1598	G	MT-RNR1	loop-or-other		No
1599	A	MT-RNR1	loop-or-other		No
1600	A	MT-RNR1	loop-or-other		No
1601	C	MT-RNR1	loop-or-other		No
1671	G	MT-RNR2	WC		No
1672	C	MT-RNR2	WC		No
1673	T	MT-RNR2	loop-or-other		No
1674	A	MT-RNR2	loop-or-other		No
1675	A	MT-RNR2	loop-or-other		No
1676	A	MT-RNR2	loop-or-other		No
1677	C	MT-RNR2	loop-or-other		No
1678	C	MT-RNR2	WC		No
1679	T	MT-RNR2	loop-or-other		No
1680	A	MT-RNR2	loop-or-other		No
1681	G	MT-RNR2	WC		No
1682	C	MT-RNR2	WC		No
1683	C	MT-RNR2	WC		No
1684	C	MT-RNR2	WC		No
1685	C	MT-RNR2	loop-or-other		No
1686	A	MT-RNR2	loop-or-other		No
1687	A	MT-RNR2	loop-or-other		No
1688	A	MT-RNR2	loop-or-other		No
1689	C	MT-RNR2	loop-or-other		No
1690	C	MT-RNR2	loop-or-other		No
1691	C	MT-RNR2	loop-or-other		No
1692	A	MT-RNR2	loop-or-other		No
1693	C	MT-RNR2	loop-or-other		No
1694	T	MT-RNR2	loop-or-other		No
1695	C	MT-RNR2	loop-or-other		No
1696	C	MT-RNR2	loop-or-other		No
1697	A	MT-RNR2	loop-or-other		No
1698	C	MT-RNR2	loop-or-other		No
1699	C	MT-RNR2	loop-or-other		No
1700	T	MT-RNR2	loop-or-other		No
1701	T	MT-RNR2	loop-or-other		No
1702	A	MT-RNR2	loop-or-other		No
1703	C	MT-RNR2	loop-or-other		No
1704	T	MT-RNR2	loop-or-other		No
1705	A	MT-RNR2	loop-or-other		No
1706	C	MT-RNR2	loop-or-other		No
1707	C	MT-RNR2	loop-or-other		No
1708	A	MT-RNR2	loop-or-other		No
1709	G	MT-RNR2	loop-or-other		No
1710	A	MT-RNR2	loop-or-other		No
1711	C	MT-RNR2	loop-or-other		No
1712	A	MT-RNR2	loop-or-other		No
1713	A	MT-RNR2	loop-or-other		No
1714	C	MT-RNR2	loop-or-other		No
1715	C	MT-RNR2	loop-or-other		No
1716	T	MT-RNR2	loop-or-other		No
1717	T	MT-RNR2	loop-or-other		No
1718	A	MT-RNR2	loop-or-other		No
1719	G	MT-RNR2	loop-or-other		No
1720	C	MT-RNR2	loop-or-other		No
1721	C	MT-RNR2	loop-or-other		No
1722	A	MT-RNR2	WC		No
1723	A	MT-RNR2	loop-or-other		No
1724	A	MT-RNR2	loop-or-other		No
1725	C	MT-RNR2	loop-or-other		No
1726	C	MT-RNR2	loop-or-other		No
1727	A	MT-RNR2	loop-or-other		No
1728	T	MT-RNR2	loop-or-other		No
1729	T	MT-RNR2	WC		No
1730	T	MT-RNR2	loop-or-other		No
1731	A	MT-RNR2	loop-or-other		No
1732	C	MT-RNR2	loop-or-other		No
1733	C	MT-RNR2	loop-or-other		No
1734	C	MT-RNR2	loop-or-other		No
1735	A	MT-RNR2	loop-or-other		No
1736	A	MT-RNR2	loop-or-other		No
1737	A	MT-RNR2	loop-or-other		No
1738	T	MT-RNR2	non-WC		No
1739	A	MT-RNR2	WC		No
1740	A	MT-RNR2	loop-or-other		No
1741	A	MT-RNR2	loop-or-other		No
1742	G	MT-RNR2	loop-or-other		No
1743	T	MT-RNR2	loop-or-other		No
1744	A	MT-RNR2	loop-or-other		No
1745	T	MT-RNR2	WC		No
1746	A	MT-RNR2	WC		No
1747	G	MT-RNR2	loop-or-other		No
1748	G	MT-RNR2	loop-or-other		No
1749	C	MT-RNR2	loop-or-other		No
1750	G	MT-RNR2	loop-or-other		No
1751	A	MT-RNR2	loop-or-other		No
1752	T	MT-RNR2	WC		No
1753	A	MT-RNR2	WC		No
1754	G	MT-RNR2	loop-or-other		No
1755	A	MT-RNR2	loop-or-other		No
1756	A	MT-RNR2	loop-or-other		No
1757	A	MT-RNR2	loop-or-other		No
1758	T	MT-RNR2	WC		No
1759	T	MT-RNR2	non-WC		No
1760	G	MT-RNR2	loop-or-other		No
1761	A	MT-RNR2	loop-or-other		No
1762	A	MT-RNR2	loop-or-other		No
1763	A	MT-RNR2	loop-or-other		No
1764	C	MT-RNR2	loop-or-other		No
1765	C	MT-RNR2	loop-or-other		No
1766	T	MT-RNR2	loop-or-other		No
1767	G	MT-RNR2	WC		No
1768	G	MT-RNR2	WC		No
1769	C	MT-RNR2	loop-or-other		No
1770	G	MT-RNR2	WC		No
1771	C	MT-RNR2	WC		No
1772	A	MT-RNR2	loop-or-other		No
1773	A	MT-RNR2	loop-or-other		No
1774	T	MT-RNR2	loop-or-other		No
1775	A	MT-RNR2	loop-or-other		No
1776	G	MT-RNR2	loop-or-other		No
1777	A	MT-RNR2	loop-or-other		No
1778	T	MT-RNR2	loop-or-other		No
1779	A	MT-RNR2	loop-or-other		No
1780	T	MT-RNR2	loop-or-other		No
1781	A	MT-RNR2	loop-or-other		No
1782	G	MT-RNR2	loop-or-other		No
1783	T	MT-RNR2	loop-or-other		No
1784	A	MT-RNR2	loop-or-other		No
1785	C	MT-RNR2	WC		No
1786	C	MT-RNR2	WC		No
1787	G	MT-RNR2	loop-or-other		No
1788	C	MT-RNR2	loop-or-other		No
1789	A	MT-RNR2	loop-or-other		No
1790	A	MT-RNR2	loop-or-other		No
1791	G	MT-RNR2	WC		No
1792	G	MT-RNR2	WC		No
1793	G	MT-RNR2	loop-or-other		No
1794	A	MT-RNR2	loop-or-other		No
1795	A	MT-RNR2	loop-or-other		No
1796	A	MT-RNR2	loop-or-other		No
1797	G	MT-RNR2	WC		No
1798	A	MT-RNR2	loop-or-other		No
1799	T	MT-RNR2	loop-or-other		No
1800	G	MT-RNR2	loop-or-other		No
1801	A	MT-RNR2	loop-or-other		No
1802	A	MT-RNR2	loop-or-other		No
1803	A	MT-RNR2	loop-or-other		No
1804	A	MT-RNR2	loop-or-other		No
1805	A	MT-RNR2	loop-or-other		No
1806	T	MT-RNR2	loop-or-other		No
1807	T	MT-RNR2	loop-or-other		No
1808	A	MT-RNR2	loop-or-other		No
1809	T	MT-RNR2	loop-or-other		No
1810	A	MT-RNR2	loop-or-other		No
1811	A	MT-RNR2	loop-or-other		No
1812	C	MT-RNR2	loop-or-other		No
1813	C	MT-RNR2	loop-or-other		No
1814	A	MT-RNR2	loop-or-other		No
1815	A	MT-RNR2	loop-or-other		No
1816	G	MT-RNR2	WC		No
1817	C	MT-RNR2	WC		No
1818	A	MT-RNR2	loop-or-other		No
1819	T	MT-RNR2	loop-or-other		No
1820	A	MT-RNR2	loop-or-other		No
1821	A	MT-RNR2	loop-or-other		No
1822	T	MT-RNR2	loop-or-other		No
1823	A	MT-RNR2	loop-or-other		No
1824	T	MT-RNR2	loop-or-other		No
1825	A	MT-RNR2	loop-or-other		No
1826	G	MT-RNR2	loop-or-other		No
1827	C	MT-RNR2	loop-or-other		No
1828	A	MT-RNR2	loop-or-other		No
1829	A	MT-RNR2	WC		No
1830	G	MT-RNR2	WC		No
1831	G	MT-RNR2	WC		No
1832	A	MT-RNR2	loop-or-other		No
1833	C	MT-RNR2	loop-or-other		No
1834	T	MT-RNR2	loop-or-other		No
1835	A	MT-RNR2	loop-or-other		No
1836	A	MT-RNR2	loop-or-other		No
1837	C	MT-RNR2	loop-or-other		No
1838	C	MT-RNR2	loop-or-other		No
1839	C	MT-RNR2	WC		No
1840	C	MT-RNR2	WC		No
1841	T	MT-RNR2	WC		No
1842	A	MT-RNR2	loop-or-other		No
1843	T	MT-RNR2	loop-or-other		No
1844	A	MT-RNR2	loop-or-other		No
1845	C	MT-RNR2	WC		No
1846	C	MT-RNR2	loop-or-other		No
1847	T	MT-RNR2	loop-or-other		No
1848	T	MT-RNR2	loop-or-other		No
1849	C	MT-RNR2	loop-or-other		No
1850	T	MT-RNR2	loop-or-other		No
1851	G	MT-RNR2	loop-or-other		No
1852	C	MT-RNR2	loop-or-other		No
1853	A	MT-RNR2	loop-or-other		No
1854	T	MT-RNR2	loop-or-other		No
1855	A	MT-RNR2	loop-or-other		No
1856	A	MT-RNR2	loop-or-other		No
1857	T	MT-RNR2	loop-or-other		No
1858	G	MT-RNR2	WC		No
1859	A	MT-RNR2	loop-or-other		No
1860	A	MT-RNR2	WC		No
1861	T	MT-RNR2	non-WC		No
1862	T	MT-RNR2	WC		No
1863	A	MT-RNR2	WC		No
1864	A	MT-RNR2	WC		No
1865	C	MT-RNR2	WC		No
1866	T	MT-RNR2	loop-or-other		No
1867	A	MT-RNR2	loop-or-other		No
1868	G	MT-RNR2	loop-or-other		No
1869	A	MT-RNR2	loop-or-other		No
1870	A	MT-RNR2	loop-or-other		No
1871	A	MT-RNR2	loop-or-other		No
1872	T	MT-RNR2	loop-or-other		No
1873	A	MT-RNR2	loop-or-other		No
1874	A	MT-RNR2	loop-or-other		No
1875	C	MT-RNR2	WC		No
1876	T	MT-RNR2	loop-or-other		No
1877	T	MT-RNR2	WC		No
1878	T	MT-RNR2	loop-or-other		No
1879	G	MT-RNR2	WC		No
1880	C	MT-RNR2	WC		No
1881	A	MT-RNR2	loop-or-other		No
1882	A	MT-RNR2	loop-or-other		No
1883	G	MT-RNR2	WC		No
1884	G	MT-RNR2	WC		No
1885	A	MT-RNR2	loop-or-other		No
1886	G	MT-RNR2	loop-or-other		No
1887	A	MT-RNR2	loop-or-other		No
1888	G	MT-RNR2	loop-or-other		No
1889	C	MT-RNR2	WC		No
1890	C	MT-RNR2	WC		No
1891	A	MT-RNR2	loop-or-other		No
1892	A	MT-RNR2	loop-or-other		No
1893	A	MT-RNR2	loop-or-other		No
1894	G	MT-RNR2	WC		No
1895	C	MT-RNR2	WC		No
1896	T	MT-RNR2	loop-or-other		No
1897	A	MT-RNR2	WC		No
1898	A	MT-RNR2	loop-or-other		No
1899	G	MT-RNR2	WC		No
1900	A	MT-RNR2	loop-or-other		No
1901	C	MT-RNR2	loop-or-other		No
1902	C	MT-RNR2	loop-or-other		No
1903	C	MT-RNR2	WC		No
1904	C	MT-RNR2	WC		No
1905	C	MT-RNR2	loop-or-other		No
1906	G	MT-RNR2	WC		No
1907	A	MT-RNR2	loop-or-other		No
1908	A	MT-RNR2	loop-or-other		No
1909	A	MT-RNR2	loop-or-other		No
1910	C	MT-RNR2	non-WC		No
1911	C	MT-RNR2	WC		No
1912	A	MT-RNR2	non-WC		No
1913	G	MT-RNR2	non-WC		No
1914	A	MT-RNR2	loop-or-other		No
1915	C	MT-RNR2	WC		No
1916	G	MT-RNR2	loop-or-other		No
1917	A	MT-RNR2	loop-or-other		No
1918	G	MT-RNR2	loop-or-other		No
1919	C	MT-RNR2	loop-or-other		No
1920	T	MT-RNR2	loop-or-other		No
1921	A	MT-RNR2	WC		No
1922	C	MT-RNR2	WC		No
1923	C	MT-RNR2	WC		No
1924	T	MT-RNR2	WC		No
1925	A	MT-RNR2	WC		No
1926	A	MT-RNR2	loop-or-other		No
1927	G	MT-RNR2	loop-or-other		No
1928	A	MT-RNR2	WC		No
1929	A	MT-RNR2	WC		No
1930	C	MT-RNR2	WC		No
1931	A	MT-RNR2	loop-or-other		No
1932	G	MT-RNR2	WC		No
1933	C	MT-RNR2	WC		No
1934	T	MT-RNR2	WC		No
1935	A	MT-RNR2	loop-or-other		No
1936	A	MT-RNR2	loop-or-other		No
1937	A	MT-RNR2	loop-or-other		No
1938	A	MT-RNR2	loop-or-other		No
1939	G	MT-RNR2	loop-or-other		No
1940	A	MT-RNR2	WC		No
1941	G	MT-RNR2	WC		No
1942	C	MT-RNR2	WC		No
1943	A	MT-RNR2	loop-or-other		No
1944	C	MT-RNR2	loop-or-other		No
1945	A	MT-RNR2	loop-or-other		No
1946	C	MT-RNR2	WC		No
1947	C	MT-RNR2	WC		No
1948	C	MT-RNR2	WC		No
1949	G	MT-RNR2	loop-or-other		No
1950	T	MT-RNR2	loop-or-other		No
1951	C	MT-RNR2	WC		No
1952	T	MT-RNR2	WC		No
1953	A	MT-RNR2	WC		No
1954	T	MT-RNR2	WC		No
1955	G	MT-RNR2	loop-or-other		No
1956	T	MT-RNR2	loop-or-other		No
1957	A	MT-RNR2	loop-or-other		No
1958	G	MT-RNR2	loop-or-other		No
1959	C	MT-RNR2	loop-or-other		No
1960	A	MT-RNR2	loop-or-other		No
1961	A	MT-RNR2	loop-or-other		No
1962	A	MT-RNR2	loop-or-other		No
1963	A	MT-RNR2	WC		No
1964	T	MT-RNR2	WC		No
1965	A	MT-RNR2	WC		No
1966	G	MT-RNR2	WC		No
1967	T	MT-RNR2	loop-or-other		No
1968	G	MT-RNR2	WC		No
1969	G	MT-RNR2	WC		No
1970	G	MT-RNR2	WC		No
1971	A	MT-RNR2	loop-or-other		No
1972	A	MT-RNR2	loop-or-other		No
1973	G	MT-RNR2	WC		No
1974	A	MT-RNR2	loop-or-other		No
1975	T	MT-RNR2	WC		No
1976	T	MT-RNR2	WC		No
1977	T	MT-RNR2	loop-or-other		No
1978	A	MT-RNR2	loop-or-other		No
1979	T	MT-RNR2	WC		No
1980	A	MT-RNR2	WC		No
1981	G	MT-RNR2	WC		No
1982	G	MT-RNR2	WC		No
1983	T	MT-RNR2	WC		No
1984	A	MT-RNR2	loop-or-other		No
1985	G	MT-RNR2	WC		No
1986	A	MT-RNR2	loop-or-other		No
1987	G	MT-RNR2	WC		No
1988	G	MT-RNR2	WC		No
1989	C	MT-RNR2	loop-or-other		No
1990	G	MT-RNR2	loop-or-other		No
1991	A	MT-RNR2	loop-or-other		No
1992	C	MT-RNR2	loop-or-other		No
1993	A	MT-RNR2	loop-or-other		No
1994	A	MT-RNR2	loop-or-other		No
1995	A	MT-RNR2	loop-or-other		No
1996	C	MT-RNR2	WC		No
1997	C	MT-RNR2	WC		No
1998	T	MT-RNR2	loop-or-other		No
1999	A	MT-RNR2	loop-or-other		No
2000	C	MT-RNR2	loop-or-other		No
2001	C	MT-RNR2	WC		No
2002	G	MT-RNR2	loop-or-other		No
2003	A	MT-RNR2	loop-or-other		No
2004	G	MT-RNR2	WC		No
2005	C	MT-RNR2	loop-or-other		No
2006	C	MT-RNR2	loop-or-other		No
2007	T	MT-RNR2	non-WC		No
2008	G	MT-RNR2	non-WC		No
2009	G	MT-RNR2	WC		No
2010	T	MT-RNR2	non-WC		No
2011	G	MT-RNR2	loop-or-other		No
2012	A	MT-RNR2	loop-or-other		No
2013	T	MT-RNR2	loop-or-other		No
2014	A	MT-RNR2	loop-or-other		No
2015	G	MT-RNR2	loop-or-other		No
2016	C	MT-RNR2	WC		No
2017	T	MT-RNR2	loop-or-other		No
2018	G	MT-RNR2	WC		No
2019	G	MT-RNR2	WC		No
2020	T	MT-RNR2	loop-or-other		No
2021	T	MT-RNR2	loop-or-other		No
2022	G	MT-RNR2	WC		No
2023	T	MT-RNR2	WC		No
2024	C	MT-RNR2	WC		No
2025	C	MT-RNR2	WC		No
2026	A	MT-RNR2	WC		No
2027	A	MT-RNR2	WC		No
2028	G	MT-RNR2	loop-or-other		No
2029	A	MT-RNR2	loop-or-other		No
2030	T	MT-RNR2	loop-or-other		No
2031	A	MT-RNR2	loop-or-other		No
2032	G	MT-RNR2	WC		No
2033	A	MT-RNR2	WC		No
2034	A	MT-RNR2	loop-or-other		No
2035	T	MT-RNR2	non-WC		No
2036	C	MT-RNR2	loop-or-other		No
2037	T	MT-RNR2	loop-or-other		No
2038	T	MT-RNR2	loop-or-other		No
2039	A	MT-RNR2	loop-or-other		No
2040	G	MT-RNR2	non-WC		No
2041	T	MT-RNR2	WC		No
2042	T	MT-RNR2	loop-or-other		No
2043	C	MT-RNR2	WC		No
2044	A	MT-RNR2	loop-or-other		No
2045	A	MT-RNR2	WC		No
2046	C	MT-RNR2	WC		No
2047	T	MT-RNR2	loop-or-other		No
2048	T	MT-RNR2	WC		No
2049	T	MT-RNR2	WC		No
2050	A	MT-RNR2	WC		No
2051	A	MT-RNR2	WC		No
2052	A	MT-RNR2	WC		No
2053	T	MT-RNR2	WC		No
2054	T	MT-RNR2	WC		No
2055	T	MT-RNR2	WC		No
2056	G	MT-RNR2	non-WC		No
2057	C	MT-RNR2	WC		No
2058	C	MT-RNR2	loop-or-other		No
2059	C	MT-RNR2	loop-or-other		No
2060	A	MT-RNR2	loop-or-other		No
2061	C	MT-RNR2	loop-or-other		No
2062	A	MT-RNR2	loop-or-other		No
2063	G	MT-RNR2	WC		No
2064	A	MT-RNR2	non-WC		No
2065	A	MT-RNR2	loop-or-other		No
2066	C	MT-RNR2	loop-or-other		No
2067	C	MT-RNR2	loop-or-other		No
2068	C	MT-RNR2	loop-or-other		No
2069	T	MT-RNR2	loop-or-other		No
2070	C	MT-RNR2	loop-or-other		No
2071	T	MT-RNR2	loop-or-other		No
2072	A	MT-RNR2	loop-or-other		No
2073	A	MT-RNR2	loop-or-other		No
2074	A	MT-RNR2	loop-or-other		No
2075	T	MT-RNR2	loop-or-other		No
2076	C	MT-RNR2	non-WC		No
2077	C	MT-RNR2	WC		No
2078	C	MT-RNR2	loop-or-other		No
2079	C	MT-RNR2	loop-or-other		No
2080	T	MT-RNR2	loop-or-other		No
2081	T	MT-RNR2	loop-or-other		No
2082	G	MT-RNR2	WC		No
2083	T	MT-RNR2	non-WC		No
2084	A	MT-RNR2	WC		No
2085	A	MT-RNR2	WC		No
2086	A	MT-RNR2	WC		No
2087	T	MT-RNR2	WC		No
2088	T	MT-RNR2	WC		No
2089	T	MT-RNR2	WC		No
2090	A	MT-RNR2	WC		No
2091	A	MT-RNR2	WC		No
2092	C	MT-RNR2	loop-or-other		No
2093	T	MT-RNR2	loop-or-other		No
2094	G	MT-RNR2	WC		No
2095	T	MT-RNR2	WC		No
2096	T	MT-RNR2	loop-or-other		No
2097	A	MT-RNR2	loop-or-other		No
2098	G	MT-RNR2	WC		No
2099	T	MT-RNR2	WC		No
2100	C	MT-RNR2	WC		No
2101	C	MT-RNR2	WC		No
2102	A	MT-RNR2	WC		No
2103	A	MT-RNR2	WC		No
2104	A	MT-RNR2	WC		No
2105	G	MT-RNR2	WC		No
2106	A	MT-RNR2	WC		No
2107	G	MT-RNR2	WC		No
2108	G	MT-RNR2	loop-or-other		No
2109	A	MT-RNR2	loop-or-other		No
2110	A	MT-RNR2	loop-or-other		No
2111	C	MT-RNR2	loop-or-other		No
2112	A	MT-RNR2	loop-or-other		No
2113	G	MT-RNR2	loop-or-other		No
2114	C	MT-RNR2	WC		No
2115	T	MT-RNR2	WC		No
2116	C	MT-RNR2	WC		No
2117	T	MT-RNR2	WC		No
2118	T	MT-RNR2	WC		No
2119	T	MT-RNR2	WC		No
2120	G	MT-RNR2	WC		No
2121	G	MT-RNR2	WC		No
2122	A	MT-RNR2	WC		No
2123	C	MT-RNR2	WC		No
2124	A	MT-RNR2	loop-or-other		No
2125	C	MT-RNR2	loop-or-other		No
2126	T	MT-RNR2	loop-or-other		No
2127	A	MT-RNR2	WC		No
2128	G	MT-RNR2	WC		No
2129	G	MT-RNR2	WC		No
2130	A	MT-RNR2	loop-or-other		No
2131	A	MT-RNR2	loop-or-other		No
2132	A	MT-RNR2	loop-or-other		No
2133	A	MT-RNR2	loop-or-other		No
2134	A	MT-RNR2	loop-or-other		No
2135	A	MT-RNR2	loop-or-other		No
2136	C	MT-RNR2	WC		No
2137	C	MT-RNR2	WC		No
2138	T	MT-RNR2	WC		No
2139	T	MT-RNR2	loop-or-other		No
2140	G	MT-RNR2	loop-or-other		No
2141	T	MT-RNR2	loop-or-other		No
2142	A	MT-RNR2	loop-or-other		No
2143	G	MT-RNR2	WC		No
2144	A	MT-RNR2	WC		No
2145	G	MT-RNR2	WC		No
2146	A	MT-RNR2	loop-or-other		No
2147	G	MT-RNR2	WC		No
2148	A	MT-RNR2	WC		No
2149	G	MT-RNR2	WC		No
2150	T	MT-RNR2	loop-or-other		No
2151	A	MT-RNR2	loop-or-other		No
2152	A	MT-RNR2	loop-or-other		No
2153	A	MT-RNR2	WC		No
2154	A	MT-RNR2	loop-or-other		No
2155	A	MT-RNR2	loop-or-other		No
2156	A	MT-RNR2	loop-or-other		No
2157	T	MT-RNR2	loop-or-other		No
2158	T	MT-RNR2	loop-or-other		No
2159	T	MT-RNR2	loop-or-other		No
2160	A	MT-RNR2	loop-or-other		No
2161	A	MT-RNR2	loop-or-other		No
2162	C	MT-RNR2	loop-or-other		No
2163	A	MT-RNR2	loop-or-other		No
2164	C	MT-RNR2	loop-or-other		No
2165	C	MT-RNR2	loop-or-other		No
2166	C	MT-RNR2	loop-or-other		No
2167	A	MT-RNR2	loop-or-other		No
2168	T	MT-RNR2	loop-or-other		No
2169	A	MT-RNR2	loop-or-other		No
2170	G	MT-RNR2	WC		No
2171	T	MT-RNR2	loop-or-other		No
2172	A	MT-RNR2	loop-or-other		No
2173	G	MT-RNR2	WC		No
2174	G	MT-RNR2	WC		No
2175	C	MT-RNR2	WC		No
2176	C	MT-RNR2	loop-or-other		No
2177	T	MT-RNR2	loop-or-other		No
2178	A	MT-RNR2	loop-or-other		No
2179	A	MT-RNR2	loop-or-other		No
2180	A	MT-RNR2	loop-or-other		No
2181	A	MT-RNR2	loop-or-other		No
2182	G	MT-RNR2	loop-or-other		No
2183	C	MT-RNR2	loop-or-other		No
2184	A	MT-RNR2	loop-or-other		No
2185	G	MT-RNR2	WC		No
2186	C	MT-RNR2	WC		No
2187	C	MT-RNR2	WC		No
2188	A	MT-RNR2	loop-or-other		No
2189	C	MT-RNR2	loop-or-other		No
2190	C	MT-RNR2	WC		No
2191	A	MT-RNR2	loop-or-other		No
2192	A	MT-RNR2	loop-or-other		No
2193	T	MT-RNR2	loop-or-other		No
2194	T	MT-RNR2	loop-or-other		No
2195	A	MT-RNR2	loop-or-other		No
2196	A	MT-RNR2	loop-or-other		No
2197	G	MT-RNR2	WC		No
2198	A	MT-RNR2	loop-or-other		No
2199	A	MT-RNR2	loop-or-other		No
2200	A	MT-RNR2	WC		No
2201	G	MT-RNR2	WC		No
2202	C	MT-RNR2	loop-or-other		No
2203	G	MT-RNR2	loop-or-other		No
2204	T	MT-RNR2	loop-or-other		No
2205	T	MT-RNR2	loop-or-other		No
2206	C	MT-RNR2	loop-or-other		No
2207	A	MT-RNR2	loop-or-other		No
2208	A	MT-RNR2	loop-or-other		No
2209	G	MT-RNR2	loop-or-other		No
2210	C	MT-RNR2	WC		No
2211	T	MT-RNR2	WC		No
2212	C	MT-RNR2	WC		No
2213	A	MT-RNR2	loop-or-other		No
2214	A	MT-RNR2	loop-or-other		No
2215	C	MT-RNR2	loop-or-other		No
2216	A	MT-RNR2	loop-or-other		No
2217	C	MT-RNR2	loop-or-other		No
2218	C	MT-RNR2	loop-or-other		No
2219	C	MT-RNR2	loop-or-other		No
2220	A	MT-RNR2	loop-or-other		No
2221	C	MT-RNR2	loop-or-other		No
2222	T	MT-RNR2	loop-or-other		No
2223	A	MT-RNR2	loop-or-other		No
2224	C	MT-RNR2	loop-or-other		No
2225	C	MT-RNR2	loop-or-other		No
2226	T	MT-RNR2	loop-or-other		No
2227	A	MT-RNR2	loop-or-other		No
2228	A	MT-RNR2	loop-or-other		No
2229	A	MT-RNR2	loop-or-other		No
2230	A	MT-RNR2	loop-or-other		No
2231	A	MT-RNR2	loop-or-other		No
2232	A	MT-RNR2	loop-or-other		No
2233	T	MT-RNR2	loop-or-other		No
2234	C	MT-RNR2	loop-or-other		No
2235	C	MT-RNR2	loop-or-other		No
2236	C	MT-RNR2	loop-or-other		No
2237	A	MT-RNR2	loop-or-other		No
2238	A	MT-RNR2	loop-or-other		No
2239	A	MT-RNR2	loop-or-other		No
2240	C	MT-RNR2	loop-or-other		No
2241	A	MT-RNR2	loop-or-other		No
2242	T	MT-RNR2	loop-or-other		No
2243	A	MT-RNR2	loop-or-other		No
2244	T	MT-RNR2	loop-or-other		No
2245	A	MT-RNR2	loop-or-other		No
2246	A	MT-RNR2	loop-or-other		No
2247	C	MT-RNR2	loop-or-other		No
2248	T	MT-RNR2	WC		No
2249	G	MT-RNR2	loop-or-other		No
2250	A	MT-RNR2	loop-or-other		No
2251	A	MT-RNR2	loop-or-other		No
2252	C	MT-RNR2	WC		No
2253	T	MT-RNR2	WC		No
2254	C	MT-RNR2	WC		No
2255	C	MT-RNR2	WC		No
2256	T	MT-RNR2	WC		No
2257	C	MT-RNR2	WC		No
2258	A	MT-RNR2	loop-or-other		No
2259	C	MT-RNR2	loop-or-other		No
2260	A	MT-RNR2	loop-or-other		No
2261	C	MT-RNR2	loop-or-other		No
2262	C	MT-RNR2	loop-or-other		No
2263	C	MT-RNR2	loop-or-other		No
2264	A	MT-RNR2	loop-or-other		No
2265	A	MT-RNR2	loop-or-other		No
2266	T	MT-RNR2	WC		No
2267	T	MT-RNR2	WC		No
2268	G	MT-RNR2	WC		No
2269	G	MT-RNR2	WC		No
2270	A	MT-RNR2	WC		No
2271	C	MT-RNR2	WC		No
2272	C	MT-RNR2	loop-or-other		No
2273	A	MT-RNR2	loop-or-other		No
2274	A	MT-RNR2	loop-or-other		No
2275	T	MT-RNR2	WC		No
2276	C	MT-RNR2	WC		No
2277	T	MT-RNR2	WC		No
2278	A	MT-RNR2	WC		No
2279	T	MT-RNR2	WC		No
2280	C	MT-RNR2	loop-or-other		No
2281	A	MT-RNR2	loop-or-other		No
2282	C	MT-RNR2	loop-or-other		No
2283	C	MT-RNR2	loop-or-other		No
2284	C	MT-RNR2	loop-or-other		No
2285	T	MT-RNR2	loop-or-other		No
2286	A	MT-RNR2	WC		No
2287	T	MT-RNR2	WC		No
2288	A	MT-RNR2	WC		No
2289	G	MT-RNR2	WC		No
2290	A	MT-RNR2	WC		No
2291	A	MT-RNR2	loop-or-other		No
2292	G	MT-RNR2	loop-or-other		No
2293	A	MT-RNR2	loop-or-other		No
2294	A	MT-RNR2	loop-or-other		No
2295	C	MT-RNR2	loop-or-other		No
2296	T	MT-RNR2	loop-or-other		No
2297	A	MT-RNR2	loop-or-other		No
2298	A	MT-RNR2	loop-or-other		No
2299	T	MT-RNR2	loop-or-other		No
2300	G	MT-RNR2	WC		No
2301	T	MT-RNR2	WC		No
2302	T	MT-RNR2	WC		No
2303	A	MT-RNR2	WC		No
2304	G	MT-RNR2	non-WC		No
2305	T	MT-RNR2	WC		No
2306	A	MT-RNR2	loop-or-other		No
2307	T	MT-RNR2	loop-or-other		No
2308	A	MT-RNR2	loop-or-other		No
2309	A	MT-RNR2	loop-or-other		No
2310	G	MT-RNR2	loop-or-other		No
2311	T	MT-RNR2	loop-or-other		No
2312	A	MT-RNR2	loop-or-other		No
2313	A	MT-RNR2	loop-or-other		No
2314	C	MT-RNR2	loop-or-other		No
2315	A	MT-RNR2	loop-or-other		No
2316	T	MT-RNR2	loop-or-other		No
2317	G	MT-RNR2	WC		No
2318	A	MT-RNR2	WC		No
2319	A	MT-RNR2	WC		No
2320	A	MT-RNR2	loop-or-other		No
2321	A	MT-RNR2	loop-or-other		No
2322	C	MT-RNR2	loop-or-other		No
2323	A	MT-RNR2	loop-or-other		No
2324	T	MT-RNR2	WC		No
2325	T	MT-RNR2	WC		No
2326	C	MT-RNR2	WC		No
2327	T	MT-RNR2	WC		No
2328	C	MT-RNR2	WC		No
2329	C	MT-RNR2	WC		No
2330	T	MT-RNR2	loop-or-other		No
2331	C	MT-RNR2	loop-or-other		No
2332	C	MT-RNR2	loop-or-other		No
2333	G	MT-RNR2	WC		No
2334	C	MT-RNR2	WC		No
2335	A	MT-RNR2	WC		No
2336	T	MT-RNR2	WC		No
2337	A	MT-RNR2	loop-or-other		No
2338	A	MT-RNR2	loop-or-other		No
2339	G	MT-RNR2	loop-or-other		No
2340	C	MT-RNR2	loop-or-other		No
2341	C	MT-RNR2	loop-or-other		No
2342	T	MT-RNR2	loop-or-other		No
2343	G	MT-RNR2	WC		No
2344	C	MT-RNR2	loop-or-other		No
2345	G	MT-RNR2	WC		No
2346	T	MT-RNR2	WC		No
2347	C	MT-RNR2	WC		No
2348	A	MT-RNR2	WC		No
2349	G	MT-RNR2	WC		No
2350	A	MT-RNR2	loop-or-other		No
2351	T	MT-RNR2	loop-or-other		No
2352	T	MT-RNR2	loop-or-other		No
2353	A	MT-RNR2	loop-or-other		No
2354	A	MT-RNR2	loop-or-other		No
2355	A	MT-RNR2	loop-or-other		No
2356	A	MT-RNR2	loop-or-other		No
2357	C	MT-RNR2	loop-or-other		No
2358	A	MT-RNR2	loop-or-other		No
2359	C	MT-RNR2	loop-or-other		No
2360	T	MT-RNR2	loop-or-other		No
2361	G	MT-RNR2	loop-or-other		No
2362	A	MT-RNR2	loop-or-other		No
2363	A	MT-RNR2	loop-or-other		No
2364	C	MT-RNR2	WC		No
2365	T	MT-RNR2	WC		No
2366	G	MT-RNR2	WC		No
2367	A	MT-RNR2	WC		No
2368	C	MT-RNR2	WC		No
2369	A	MT-RNR2	loop-or-other		No
2370	A	MT-RNR2	loop-or-other		No
2371	T	MT-RNR2	loop-or-other		No
2372	T	MT-RNR2	loop-or-other		No
2373	A	MT-RNR2	loop-or-other		No
2374	A	MT-RNR2	loop-or-other		No
2375	C	MT-RNR2	WC		No
2376	A	MT-RNR2	WC		No
2377	G	MT-RNR2	WC		No
2378	C	MT-RNR2	loop-or-other		No
2379	C	MT-RNR2	loop-or-other		No
2380	C	MT-RNR2	loop-or-other		No
2381	A	MT-RNR2	WC		No
2382	A	MT-RNR2	WC		No
2383	T	MT-RNR2	WC		No
2384	A	MT-RNR2	WC		No
2385	T	MT-RNR2	loop-or-other		No
2386	C	MT-RNR2	loop-or-other		No
2387	T	MT-RNR2	loop-or-other		No
2388	A	MT-RNR2	loop-or-other		No
2389	C	MT-RNR2	loop-or-other		No
2390	A	MT-RNR2	loop-or-other		No
2391	A	MT-RNR2	loop-or-other		No
2392	T	MT-RNR2	loop-or-other		No
2393	C	MT-RNR2	loop-or-other		No
2394	A	MT-RNR2	loop-or-other		No
2395	A	MT-RNR2	loop-or-other		No
2396	C	MT-RNR2	loop-or-other		No
2397	C	MT-RNR2	loop-or-other		No
2398	A	MT-RNR2	loop-or-other		No
2399	A	MT-RNR2	loop-or-other		No
2400	C	MT-RNR2	WC		No
2401	A	MT-RNR2	loop-or-other		No
2402	A	MT-RNR2	loop-or-other		No
2403	G	MT-RNR2	WC		No
2404	T	MT-RNR2	loop-or-other		No
2405	C	MT-RNR2	loop-or-other		No
2406	A	MT-RNR2	loop-or-other		No
2407	T	MT-RNR2	loop-or-other		No
2408	T	MT-RNR2	WC		No
2409	A	MT-RNR2	WC		No
2410	T	MT-RNR2	WC		No
2411	T	MT-RNR2	WC		No
2412	A	MT-RNR2	loop-or-other		No
2413	C	MT-RNR2	loop-or-other		No
2414	C	MT-RNR2	loop-or-other		No
2415	C	MT-RNR2	loop-or-other		No
2416	T	MT-RNR2	loop-or-other		No
2417	C	MT-RNR2	loop-or-other		No
2418	A	MT-RNR2	loop-or-other		No
2419	C	MT-RNR2	WC		No
2420	T	MT-RNR2	WC		No
2421	G	MT-RNR2	WC		No
2422	T	MT-RNR2	loop-or-other		No
2423	C	MT-RNR2	WC		No
2424	A	MT-RNR2	loop-or-other		No
2425	A	MT-RNR2	loop-or-other		No
2426	C	MT-RNR2	loop-or-other		No
2427	C	MT-RNR2	WC		No
2428	C	MT-RNR2	WC		No
2429	A	MT-RNR2	loop-or-other		No
2430	A	MT-RNR2	loop-or-other		No
2431	C	MT-RNR2	loop-or-other		No
2432	A	MT-RNR2	loop-or-other		No
2433	C	MT-RNR2	loop-or-other		No
2434	A	MT-RNR2	loop-or-other		No
2435	G	MT-RNR2	WC		No
2436	G	MT-RNR2	WC		No
2437	C	MT-RNR2	loop-or-other		No
2438	A	MT-RNR2	WC		No
2439	T	MT-RNR2	WC		No
2440	G	MT-RNR2	WC		No
2441	C	MT-RNR2	WC		No
2442	T	MT-RNR2	loop-or-other		No
2443	C	MT-RNR2	loop-or-other		No
2444	A	MT-RNR2	loop-or-other		No
2445	T	MT-RNR2	loop-or-other		No
2446	A	MT-RNR2	loop-or-other		No
2447	A	MT-RNR2	loop-or-other		No
2448	G	MT-RNR2	WC		No
2449	G	MT-RNR2	WC		No
2450	A	MT-RNR2	WC		No
2451	A	MT-RNR2	loop-or-other		No
2452	A	MT-RNR2	loop-or-other		No
2453	G	MT-RNR2	WC		No
2454	G	MT-RNR2	WC		No
2455	T	MT-RNR2	WC		No
2456	T	MT-RNR2	WC		No
2457	A	MT-RNR2	loop-or-other		No
2458	A	MT-RNR2	loop-or-other		No
2459	A	MT-RNR2	loop-or-other		No
2460	A	MT-RNR2	loop-or-other		No
2461	A	MT-RNR2	WC		No
2462	A	MT-RNR2	WC		No
2463	A	MT-RNR2	WC		No
2464	G	MT-RNR2	WC		No
2465	T	MT-RNR2	WC		No
2466	A	MT-RNR2	WC		No
2467	A	MT-RNR2	WC		No
2468	A	MT-RNR2	loop-or-other		No
2469	A	MT-RNR2	WC		No
2470	G	MT-RNR2	WC		No
2471	G	MT-RNR2	loop-or-other		No
2472	A	MT-RNR2	loop-or-other		No
2473	A	MT-RNR2	WC		No
2474	C	MT-RNR2	loop-or-other		No
2475	T	MT-RNR2	loop-or-other		No
2476	C	MT-RNR2	loop-or-other		No
2477	G	MT-RNR2	loop-or-other		No
2478	G	MT-RNR2	WC		No
2479	C	MT-RNR2	loop-or-other		No
2480	A	MT-RNR2	loop-or-other		No
2481	A	MT-RNR2	loop-or-other		No
2482	A	MT-RNR2	loop-or-other		No
2483	T	MT-RNR2	loop-or-other		No
2484	C	MT-RNR2	loop-or-other		No
2485	T	MT-RNR2	loop-or-other		No
2486	T	MT-RNR2	loop-or-other		No
2487	A	MT-RNR2	WC		No
2488	C	MT-RNR2	WC		No
2489	C	MT-RNR2	WC		No
2490	C	MT-RNR2	WC		No
2491	C	MT-RNR2	WC		No
2492	G	MT-RNR2	WC		No
2493	C	MT-RNR2	loop-or-other		No
2494	C	MT-RNR2	loop-or-other		No
2495	T	MT-RNR2	loop-or-other		No
2496	G	MT-RNR2	WC		No
2497	T	MT-RNR2	WC		No
2498	T	MT-RNR2	loop-or-other		No
2499	T	MT-RNR2	loop-or-other		No
2500	A	MT-RNR2	loop-or-other		No
2501	C	MT-RNR2	loop-or-other		No
2502	C	MT-RNR2	loop-or-other		No
2503	A	MT-RNR2	loop-or-other		No
2504	A	MT-RNR2	loop-or-other		No
2505	A	MT-RNR2	loop-or-other		No
2506	A	MT-RNR2	loop-or-other		No
2507	A	MT-RNR2	WC		No
2508	C	MT-RNR2	WC		No
2509	A	MT-RNR2	loop-or-other		No
2510	T	MT-RNR2	loop-or-other		No
2511	C	MT-RNR2	loop-or-other		Yes
2512	A	MT-RNR2	loop-or-other		Yes
2513	C	MT-RNR2	WC		Yes
2514	C	MT-RNR2	WC		Yes
2515	T	MT-RNR2	WC		No
2516	C	MT-RNR2	WC		No
2517	T	MT-RNR2	WC		No
2518	A	MT-RNR2	WC		No
2519	G	MT-RNR2	loop-or-other		No
2520	C	MT-RNR2	loop-or-other		No
2521	A	MT-RNR2	loop-or-other		No
2522	T	MT-RNR2	loop-or-other		No
2523	C	MT-RNR2	loop-or-other		No
2524	A	MT-RNR2	loop-or-other		No
2525	C	MT-RNR2	loop-or-other		No
2526	C	MT-RNR2	loop-or-other		No
2527	A	MT-RNR2	loop-or-other		No
2528	G	MT-RNR2	loop-or-other		No
2529	T	MT-RNR2	loop-or-other		No
2530	A	MT-RNR2	loop-or-other		No
2531	T	MT-RNR2	loop-or-other		No
2532	T	MT-RNR2	WC		No
2533	A	MT-RNR2	WC		No
2534	G	MT-RNR2	WC		No
2535	A	MT-RNR2	WC		No
2536	G	MT-RNR2	WC		No
2537	G	MT-RNR2	WC		No
2538	C	MT-RNR2	loop-or-other		No
2539	A	MT-RNR2	loop-or-other		No
2540	C	MT-RNR2	loop-or-other		No
2541	C	MT-RNR2	loop-or-other		Yes
2542	G	MT-RNR2	WC		Yes
2543	C	MT-RNR2	WC		Yes
2544	C	MT-RNR2	WC		Yes
2545	T	MT-RNR2	loop-or-other		No
2546	G	MT-RNR2	WC		No
2547	C	MT-RNR2	WC		Yes
2548	C	MT-RNR2	WC		Yes
2549	C	MT-RNR2	loop-or-other		No
2550	A	MT-RNR2	loop-or-other		No
2551	G	MT-RNR2	WC		No
2552	T	MT-RNR2	WC		No
2553	G	MT-RNR2	non-WC		No
2554	A	MT-RNR2	WC		No
2555	C	MT-RNR2	WC		No
2556	A	MT-RNR2	loop-or-other		No
2557	C	MT-RNR2	loop-or-other		No
2558	A	MT-RNR2	loop-or-other		Yes
2559	T	MT-RNR2	loop-or-other		Yes
2560	G	MT-RNR2	WC		No
2561	T	MT-RNR2	WC		No
2562	T	MT-RNR2	non-WC		No
2563	T	MT-RNR2	loop-or-other		No
2564	A	MT-RNR2	loop-or-other		No
2565	A	MT-RNR2	WC		No
2566	C	MT-RNR2	WC		No
2567	G	MT-RNR2	WC		No
2568	G	MT-RNR2	WC		No
2569	C	MT-RNR2	WC		No
2570	C	MT-RNR2	WC		No
2571	G	MT-RNR2	non-WC		No
2572	C	MT-RNR2	WC		No
2573	G	MT-RNR2	WC		No
2574	G	MT-RNR2	WC		No
2575	T	MT-RNR2	loop-or-other		No
2576	A	MT-RNR2	loop-or-other		Yes
2577	C	MT-RNR2	loop-or-other		No
2578	C	MT-RNR2	loop-or-other		No
2579	C	MT-RNR2	loop-or-other		No
2580	T	MT-RNR2	loop-or-other		No
2581	A	MT-RNR2	loop-or-other		Yes
2582	A	MT-RNR2	loop-or-other		Yes
2583	C	MT-RNR2	WC		Yes
2584	C	MT-RNR2	WC		No
2585	G	MT-RNR2	WC		No
2586	T	MT-RNR2	non-WC		No
2587	G	MT-RNR2	WC		No
2588	C	MT-RNR2	loop-or-other		No
2589	A	MT-RNR2	loop-or-other		No
2590	A	MT-RNR2	loop-or-other		Yes
2591	A	MT-RNR2	loop-or-other		Yes
2592	G	MT-RNR2	loop-or-other		Yes
2593	G	MT-RNR2	loop-or-other		No
2594	T	MT-RNR2	loop-or-other		No
2595	A	MT-RNR2	loop-or-other		No
2596	G	MT-RNR2	non-WC		No
2597	C	MT-RNR2	WC		No
2598	A	MT-RNR2	loop-or-other		No
2599	T	MT-RNR2	loop-or-other		No
2600	A	MT-RNR2	loop-or-other		No
2601	A	MT-RNR2	loop-or-other		No
2602	T	MT-RNR2	loop-or-other		No
2603	C	MT-RNR2	loop-or-other		No
2604	A	MT-RNR2	loop-or-other		No
2605	C	MT-RNR2	loop-or-other		No
2606	T	MT-RNR2	loop-or-other		No
2607	T	MT-RNR2	loop-or-other		No
2608	G	MT-RNR2	WC		No
2609	T	MT-RNR2	WC		No
2610	T	MT-RNR2	non-WC		Yes
2611	C	MT-RNR2	WC		Yes
2612	C	MT-RNR2	WC		Yes
2613	T	MT-RNR2	loop-or-other		Yes
2614	T	MT-RNR2	loop-or-other		No
2615	A	MT-RNR2	loop-or-other		No
2616	A	MT-RNR2	loop-or-other		No
2617	A	MT-RNR2	loop-or-other	1-methyladenosine	No
2618	T	MT-RNR2	loop-or-other		No
2619	A	MT-RNR2	loop-or-other		No
2620	G	MT-RNR2	WC		No
2621	G	MT-RNR2	WC		Yes
2622	G	MT-RNR2	non-WC		Yes
2623	A	MT-RNR2	WC		Yes
2624	C	MT-RNR2	WC		Yes
2625	C	MT-RNR2	loop-or-other		No
2626	T	MT-RNR2	loop-or-other		No
2627	G	MT-RNR2	WC		No
2628	T	MT-RNR2	loop-or-other		No
2629	A	MT-RNR2	loop-or-other		No
2630	T	MT-RNR2	non-WC		No
2631	G	MT-RNR2	loop-or-other		No
2632	A	MT-RNR2	loop-or-other		No
2633	A	MT-RNR2	loop-or-other		No
2634	T	MT-RNR2	loop-or-other		No
2635	G	MT-RNR2	WC		No
2636	G	MT-RNR2	WC		No
2637	C	MT-RNR2	WC		No
2638	T	MT-RNR2	loop-or-other		No
2639	C	MT-RNR2	loop-or-other		No
2640	C	MT-RNR2	loop-or-other		No
2641	A	MT-RNR2	loop-or-other		No
2642	C	MT-RNR2	WC		No
2643	G	MT-RNR2	WC		No
2644	A	MT-RNR2	loop-or-other		No
2645	G	MT-RNR2	WC		No
2646	G	MT-RNR2	WC		No
2647	G	MT-RNR2	WC		No
2648	T	MT-RNR2	WC		No
2649	T	MT-RNR2	loop-or-other		No
2650	C	MT-RNR2	loop-or-other		No
2651	A	MT-RNR2	loop-or-other		No
2652	G	MT-RNR2	loop-or-other		No
2653	C	MT-RNR2	WC		No
2654	T	MT-RNR2	loop-or-other		No
2655	G	MT-RNR2	loop-or-other		No
2656	T	MT-RNR2	WC		No
2657	C	MT-RNR2	WC		No
2658	T	MT-RNR2	WC		No
2659	C	MT-RNR2	loop-or-other		No
2660	T	MT-RNR2	WC		No
2661	T	MT-RNR2	WC		No
2662	A	MT-RNR2	WC		No
2663	C	MT-RNR2	WC		No
2664	T	MT-RNR2	WC		No
2665	T	MT-RNR2	WC		No
2666	T	MT-RNR2	WC		No
2667	T	MT-RNR2	loop-or-other		No
2668	A	MT-RNR2	WC		No
2669	A	MT-RNR2	WC		No
2670	C	MT-RNR2	WC		No
2671	C	MT-RNR2	WC		No
2672	A	MT-RNR2	loop-or-other		No
2673	G	MT-RNR2	loop-or-other		No
2674	T	MT-RNR2	loop-or-other		No
2675	G	MT-RNR2	loop-or-other		No
2676	A	MT-RNR2	loop-or-other		No
2677	A	MT-RNR2	loop-or-other		No
2678	A	MT-RNR2	loop-or-other		No
2679	T	MT-RNR2	loop-or-other		No
2680	T	MT-RNR2	loop-or-other		No
2681	G	MT-RNR2	loop-or-other		No
2682	A	MT-RNR2	loop-or-other		No
2683	C	MT-RNR2	loop-or-other		No
2684	C	MT-RNR2	loop-or-other		No
2685	T	MT-RNR2	loop-or-other		No
2686	G	MT-RNR2	WC		No
2687	C	MT-RNR2	WC		No
2688	C	MT-RNR2	WC		No
2689	C	MT-RNR2	WC		No
2690	G	MT-RNR2	WC		No
2691	T	MT-RNR2	loop-or-other		No
2692	G	MT-RNR2	loop-or-other		No
2693	A	MT-RNR2	loop-or-other		No
2694	A	MT-RNR2	loop-or-other		No
2695	G	MT-RNR2	loop-or-other		No
2696	A	MT-RNR2	loop-or-other		No
2697	G	MT-RNR2	loop-or-other		No
2698	G	MT-RNR2	loop-or-other		No
2699	C	MT-RNR2	WC		No
2700	G	MT-RNR2	WC		No
2701	G	MT-RNR2	WC		No
2702	G	MT-RNR2	WC		No
2703	C	MT-RNR2	WC		No
2704	A	MT-RNR2	loop-or-other		No
2705	T	MT-RNR2	loop-or-other		No
2706	A	MT-RNR2	loop-or-other		No
2707	A	MT-RNR2	loop-or-other		No
2708	C	MT-RNR2	loop-or-other		No
2709	A	MT-RNR2	loop-or-other		No
2710	C	MT-RNR2	loop-or-other		No
2711	A	MT-RNR2	WC		No
2712	G	MT-RNR2	WC		No
2713	C	MT-RNR2	loop-or-other		No
2714	A	MT-RNR2	loop-or-other		No
2715	A	MT-RNR2	WC		No
2716	G	MT-RNR2	WC		No
2717	A	MT-RNR2	WC		No
2718	C	MT-RNR2	loop-or-other		No
2719	G	MT-RNR2	WC		No
2720	A	MT-RNR2	WC		No
2721	G	MT-RNR2	loop-or-other		No
2722	A	MT-RNR2	loop-or-other		No
2723	A	MT-RNR2	loop-or-other		No
2724	G	MT-RNR2	loop-or-other		No
2725	A	MT-RNR2	loop-or-other		No
2726	C	MT-RNR2	loop-or-other		No
2727	C	MT-RNR2	WC		No
2728	C	MT-RNR2	WC		No
2729	T	MT-RNR2	WC		No
2730	A	MT-RNR2	WC		No
2731	T	MT-RNR2	loop-or-other		No
2732	G	MT-RNR2	WC		No
2733	G	MT-RNR2	WC		No
2734	A	MT-RNR2	non-WC		No
2735	G	MT-RNR2	non-WC		No
2736	C	MT-RNR2	non-WC		No
2737	T	MT-RNR2	non-WC		No
2738	T	MT-RNR2	loop-or-other		No
2739	T	MT-RNR2	loop-or-other		No
2740	A	MT-RNR2	loop-or-other		No
2741	A	MT-RNR2	WC		No
2742	T	MT-RNR2	non-WC		No
2743	T	MT-RNR2	WC		No
2744	T	MT-RNR2	loop-or-other		No
2745	A	MT-RNR2	loop-or-other		No
2746	T	MT-RNR2	WC		No
2747	T	MT-RNR2	WC		No
2748	A	MT-RNR2	WC		No
2749	A	MT-RNR2	WC		No
2750	T	MT-RNR2	WC		No
2751	G	MT-RNR2	WC		No
2752	C	MT-RNR2	WC		No
2753	A	MT-RNR2	WC		No
2754	A	MT-RNR2	loop-or-other		No
2755	A	MT-RNR2	loop-or-other		No
2756	C	MT-RNR2	loop-or-other		No
2757	A	MT-RNR2	loop-or-other		No
2758	G	MT-RNR2	loop-or-other		No
2759	T	MT-RNR2	loop-or-other		No
2760	A	MT-RNR2	loop-or-other		No
2761	C	MT-RNR2	loop-or-other		No
2762	C	MT-RNR2	loop-or-other		No
2763	T	MT-RNR2	loop-or-other		No
2764	A	MT-RNR2	loop-or-other		No
2765	A	MT-RNR2	loop-or-other		No
2766	C	MT-RNR2	loop-or-other		No
2767	A	MT-RNR2	loop-or-other		No
2768	A	MT-RNR2	loop-or-other		No
2769	A	MT-RNR2	loop-or-other		No
2770	C	MT-RNR2	loop-or-other		No
2771	C	MT-RNR2	loop-or-other		No
2772	C	MT-RNR2	loop-or-other		No
2773	A	MT-RNR2	loop-or-other		No
2774	C	MT-RNR2	loop-or-other		No
2775	A	MT-RNR2	loop-or-other		No
2776	G	MT-RNR2	loop-or-other		No
2777	G	MT-RNR2	loop-or-other		No
2778	T	MT-RNR2	loop-or-other		No
2779	C	MT-RNR2	loop-or-other		No
2780	C	MT-RNR2	loop-or-other		No
2781	T	MT-RNR2	loop-or-other		No
2782	A	MT-RNR2	loop-or-other		No
2783	A	MT-RNR2	loop-or-other		No
2784	A	MT-RNR2	loop-or-other		No
2785	C	MT-RNR2	loop-or-other		No
2786	T	MT-RNR2	loop-or-other		No
2787	A	MT-RNR2	loop-or-other		No
2788	C	MT-RNR2	loop-or-other		No
2789	C	MT-RNR2	loop-or-other		No
2790	A	MT-RNR2	loop-or-other		No
2791	A	MT-RNR2	loop-or-other		No
2792	A	MT-RNR2	loop-or-other		No
2793	C	MT-RNR2	loop-or-other		No
2794	C	MT-RNR2	loop-or-other		No
2795	T	MT-RNR2	WC		No
2796	G	MT-RNR2	WC		No
2797	C	MT-RNR2	WC		No
2798	A	MT-RNR2	WC		No
2799	T	MT-RNR2	WC		No
2800	T	MT-RNR2	WC		No
2801	A	MT-RNR2	WC		No
2802	A	MT-RNR2	WC		No
2803	A	MT-RNR2	loop-or-other		No
2804	A	MT-RNR2	loop-or-other		No
2805	A	MT-RNR2	WC		No
2806	T	MT-RNR2	non-WC		No
2807	T	MT-RNR2	WC		No
2808	T	MT-RNR2	loop-or-other		No
2809	C	MT-RNR2	loop-or-other		No
2810	G	MT-RNR2	WC		No
2811	G	MT-RNR2	WC		No
2812	T	MT-RNR2	WC		No
2813	T	MT-RNR2	loop-or-other		No
2814	G	MT-RNR2	loop-or-other		No
2815	G	MT-RNR2	loop-or-other	2_-O-methylation	No
2816	G	MT-RNR2	loop-or-other		No
2817	G	MT-RNR2	loop-or-other		No
2818	C	MT-RNR2	loop-or-other		No
2819	G	MT-RNR2	loop-or-other		No
2820	A	MT-RNR2	WC		No
2821	C	MT-RNR2	WC		No
2822	C	MT-RNR2	WC		No
2823	T	MT-RNR2	WC		No
2824	C	MT-RNR2	WC		No
2825	G	MT-RNR2	WC		No
2826	G	MT-RNR2	WC		No
2827	A	MT-RNR2	WC		No
2828	G	MT-RNR2	WC		No
2829	C	MT-RNR2	loop-or-other		No
2830	A	MT-RNR2	loop-or-other		No
2831	G	MT-RNR2	loop-or-other		No
2832	A	MT-RNR2	loop-or-other		No
2833	A	MT-RNR2	loop-or-other		No
2834	C	MT-RNR2	loop-or-other		No
2835	C	MT-RNR2	loop-or-other		No
2836	C	MT-RNR2	loop-or-other		No
2837	A	MT-RNR2	loop-or-other		No
2838	A	MT-RNR2	loop-or-other		No
2839	C	MT-RNR2	loop-or-other		No
2840	C	MT-RNR2	WC		No
2841	T	MT-RNR2	WC		No
2842	C	MT-RNR2	WC		No
2843	C	MT-RNR2	WC		No
2844	G	MT-RNR2	WC		No
2845	A	MT-RNR2	WC		No
2846	G	MT-RNR2	loop-or-other		No
2847	C	MT-RNR2	loop-or-other		No
2848	A	MT-RNR2	WC		No
2849	G	MT-RNR2	WC		No
2850	T	MT-RNR2	loop-or-other		No
2851	A	MT-RNR2	loop-or-other		No
2852	C	MT-RNR2	loop-or-other		No
2853	A	MT-RNR2	loop-or-other		No
2854	T	MT-RNR2	loop-or-other		No
2855	G	MT-RNR2	WC		No
2856	C	MT-RNR2	WC		No
2857	T	MT-RNR2	loop-or-other		No
2858	A	MT-RNR2	loop-or-other		No
2859	A	MT-RNR2	loop-or-other		No
2860	G	MT-RNR2	WC		No
2861	A	MT-RNR2	WC		No
2862	C	MT-RNR2	WC		No
2863	T	MT-RNR2	loop-or-other		No
2864	T	MT-RNR2	loop-or-other		No
2865	C	MT-RNR2	loop-or-other		No
2866	A	MT-RNR2	loop-or-other		No
2867	C	MT-RNR2	loop-or-other		No
2868	C	MT-RNR2	loop-or-other		No
2869	A	MT-RNR2	loop-or-other		No
2870	G	MT-RNR2	WC		No
2871	T	MT-RNR2	WC		No
2872	C	MT-RNR2	WC		No
2873	A	MT-RNR2	loop-or-other		No
2874	A	MT-RNR2	loop-or-other		No
2875	A	MT-RNR2	loop-or-other		No
2876	G	MT-RNR2	WC		No
2877	C	MT-RNR2	WC		No
2878	G	MT-RNR2	loop-or-other		No
2879	A	MT-RNR2	loop-or-other		No
2880	A	MT-RNR2	loop-or-other		No
2881	C	MT-RNR2	loop-or-other		No
2882	T	MT-RNR2	loop-or-other		No
2883	A	MT-RNR2	loop-or-other		No
2884	C	MT-RNR2	loop-or-other		No
2885	T	MT-RNR2	loop-or-other		No
2886	A	MT-RNR2	loop-or-other		No
2887	T	MT-RNR2	loop-or-other		No
2888	A	MT-RNR2	loop-or-other		No
2889	C	MT-RNR2	WC		No
2890	T	MT-RNR2	WC		No
2891	C	MT-RNR2	loop-or-other		No
2892	A	MT-RNR2	loop-or-other		No
2893	A	MT-RNR2	loop-or-other		No
2894	T	MT-RNR2	loop-or-other		No
2895	T	MT-RNR2	loop-or-other		No
2896	G	MT-RNR2	loop-or-other		No
2897	A	MT-RNR2	loop-or-other		No
2898	T	MT-RNR2	loop-or-other		No
2899	C	MT-RNR2	loop-or-other		No
2900	C	MT-RNR2	WC		No
2901	A	MT-RNR2	WC		No
2902	A	MT-RNR2	WC		No
2903	T	MT-RNR2	loop-or-other		No
2904	A	MT-RNR2	loop-or-other		No
2905	A	MT-RNR2	loop-or-other		No
2906	C	MT-RNR2	loop-or-other		No
2907	T	MT-RNR2	WC		No
2908	T	MT-RNR2	WC		No
2909	G	MT-RNR2	WC		No
2910	A	MT-RNR2	loop-or-other		No
2911	C	MT-RNR2	loop-or-other		No
2912	C	MT-RNR2	loop-or-other		No
2913	A	MT-RNR2	loop-or-other		No
2914	A	MT-RNR2	loop-or-other		No
2915	C	MT-RNR2	loop-or-other		No
2916	G	MT-RNR2	loop-or-other		No
2917	G	MT-RNR2	loop-or-other		No
2918	A	MT-RNR2	loop-or-other		No
2919	A	MT-RNR2	loop-or-other		No
2920	C	MT-RNR2	loop-or-other		No
2921	A	MT-RNR2	loop-or-other		No
2922	A	MT-RNR2	loop-or-other		No
2923	G	MT-RNR2	loop-or-other		No
2924	T	MT-RNR2	non-WC		No
2925	T	MT-RNR2	non-WC		No
2926	A	MT-RNR2	non-WC		No
2927	C	MT-RNR2	non-WC		No
2928	C	MT-RNR2	WC		No
2929	C	MT-RNR2	WC		No
2930	T	MT-RNR2	WC		No
2931	A	MT-RNR2	WC		No
2932	G	MT-RNR2	WC		No
2933	G	MT-RNR2	WC		No
2934	G	MT-RNR2	loop-or-other		No
2935	A	MT-RNR2	loop-or-other		No
2936	T	MT-RNR2	loop-or-other		No
2937	A	MT-RNR2	loop-or-other		No
2938	A	MT-RNR2	loop-or-other		No
2939	C	MT-RNR2	loop-or-other		No
2940	A	MT-RNR2	loop-or-other		No
2941	G	MT-RNR2	loop-or-other		No
2942	C	MT-RNR2	loop-or-other		No
2943	G	MT-RNR2	WC		No
2944	C	MT-RNR2	loop-or-other		No
2945	A	MT-RNR2	loop-or-other		No
2946	A	MT-RNR2	WC		No
2947	T	MT-RNR2	loop-or-other		No
2948	C	MT-RNR2	WC		No
2949	C	MT-RNR2	WC		No
2950	T	MT-RNR2	WC		No
2951	A	MT-RNR2	WC		No
2952	T	MT-RNR2	WC		No
2953	T	MT-RNR2	WC		No
2954	C	MT-RNR2	loop-or-other		No
2955	T	MT-RNR2	WC		No
2956	A	MT-RNR2	loop-or-other		No
2957	G	MT-RNR2	WC		No
2958	A	MT-RNR2	WC		No
2959	G	MT-RNR2	loop-or-other		No
2960	T	MT-RNR2	loop-or-other		No
2961	C	MT-RNR2	loop-or-other		No
2962	C	MT-RNR2	loop-or-other		No
2963	A	MT-RNR2	loop-or-other		No
2964	T	MT-RNR2	loop-or-other		No
2965	A	MT-RNR2	loop-or-other		No
2966	T	MT-RNR2	WC		No
2967	C	MT-RNR2	WC		No
2968	A	MT-RNR2	WC		No
2969	A	MT-RNR2	loop-or-other		No
2970	C	MT-RNR2	loop-or-other		No
2971	A	MT-RNR2	WC		No
2972	A	MT-RNR2	WC		No
2973	T	MT-RNR2	WC		No
2974	A	MT-RNR2	WC		No
2975	G	MT-RNR2	WC		No
2976	G	MT-RNR2	WC		No
2977	G	MT-RNR2	loop-or-other		No
2978	T	MT-RNR2	loop-or-other		No
2979	T	MT-RNR2	loop-or-other		No
2980	T	MT-RNR2	WC		No
2981	A	MT-RNR2	loop-or-other		No
2982	C	MT-RNR2	WC		No
2983	G	MT-RNR2	loop-or-other		No
2984	A	MT-RNR2	loop-or-other		No
2985	C	MT-RNR2	loop-or-other		No
2986	C	MT-RNR2	loop-or-other		No
2987	T	MT-RNR2	loop-or-other		No
2988	C	MT-RNR2	loop-or-other		No
2989	G	MT-RNR2	loop-or-other		No
2990	A	MT-RNR2	loop-or-other		No
2991	T	MT-RNR2	loop-or-other		No
2992	G	MT-RNR2	loop-or-other		No
2993	T	MT-RNR2	loop-or-other		No
2994	T	MT-RNR2	non-WC		No
2995	G	MT-RNR2	non-WC		No
2996	G	MT-RNR2	WC		No
2997	A	MT-RNR2	WC		No
2998	T	MT-RNR2	loop-or-other		No
2999	C	MT-RNR2	WC		No
3000	A	MT-RNR2	WC		No
3001	G	MT-RNR2	WC		No
3002	G	MT-RNR2	WC		No
3003	A	MT-RNR2	WC		No
3004	C	MT-RNR2	WC		No
3005	A	MT-RNR2	loop-or-other		No
3006	T	MT-RNR2	loop-or-other		No
3007	C	MT-RNR2	WC		No
3008	C	MT-RNR2	WC		No
3009	C	MT-RNR2	loop-or-other		No
3010	G	MT-RNR2	non-WC		No
3011	A	MT-RNR2	WC		No
3012	T	MT-RNR2	WC		No
3013	G	MT-RNR2	non-WC		No
3014	G	MT-RNR2	WC		No
3015	T	MT-RNR2	non-WC		No
3016	G	MT-RNR2	loop-or-other		No
3017	C	MT-RNR2	loop-or-other		No
3018	A	MT-RNR2	loop-or-other		No
3019	G	MT-RNR2	loop-or-other		No
3020	C	MT-RNR2	loop-or-other		No
3021	C	MT-RNR2	loop-or-other		No
3022	G	MT-RNR2	non-WC		No
3023	C	MT-RNR2	WC		No
3024	T	MT-RNR2	non-WC		No
3025	A	MT-RNR2	WC		No
3026	T	MT-RNR2	WC		No
3027	T	MT-RNR2	non-WC		No
3028	A	MT-RNR2	loop-or-other		No
3029	A	MT-RNR2	loop-or-other		No
3030	A	MT-RNR2	loop-or-other		No
3031	G	MT-RNR2	WC		No
3032	G	MT-RNR2	WC		No
3033	T	MT-RNR2	loop-or-other		No
3034	T	MT-RNR2	WC		No
3035	C	MT-RNR2	WC		No
3036	G	MT-RNR2	WC		No
3037	T	MT-RNR2	WC		No
3038	T	MT-RNR2	WC		No
3039	T	MT-RNR2	loop-or-other	2_-O-methylation	No
3040	G	MT-RNR2	loop-or-other	2_-O-methylation	No
3041	T	MT-RNR2	loop-or-other		No
3042	T	MT-RNR2	loop-or-other		No
3043	C	MT-RNR2	loop-or-other		No
3044	A	MT-RNR2	WC		No
3045	A	MT-RNR2	WC		No
3046	C	MT-RNR2	WC		No
3047	G	MT-RNR2	WC		No
3048	A	MT-RNR2	WC		No
3049	T	MT-RNR2	loop-or-other		No
3050	T	MT-RNR2	loop-or-other		No
3051	A	MT-RNR2	loop-or-other		No
3052	A	MT-RNR2	loop-or-other		No
3053	A	MT-RNR2	loop-or-other		No
3054	G	MT-RNR2	WC		No
3055	T	MT-RNR2	WC		No
3056	C	MT-RNR2	WC		No
3057	C	MT-RNR2	WC		No
3058	T	MT-RNR2	WC		No
3059	A	MT-RNR2	loop-or-other		No
3060	C	MT-RNR2	loop-or-other		No
3061	G	MT-RNR2	WC		No
3062	T	MT-RNR2	loop-or-other		No
3063	G	MT-RNR2	loop-or-other		No
3064	A	MT-RNR2	loop-or-other		No
3065	T	MT-RNR2	WC		No
3066	C	MT-RNR2	WC		No
3067	T	MT-RNR2	non-WC	pseudouridine	No
3068	G	MT-RNR2	non-WC		No
3069	A	MT-RNR2	loop-or-other		No
3070	G	MT-RNR2	loop-or-other		No
3071	T	MT-RNR2	loop-or-other		No
3072	T	MT-RNR2	loop-or-other		No
3073	C	MT-RNR2	loop-or-other		No
3074	A	MT-RNR2	loop-or-other		No
3075	G	MT-RNR2	WC		No
3076	A	MT-RNR2	WC		No
3077	C	MT-RNR2	WC		No
3078	C	MT-RNR2	WC		No
3079	G	MT-RNR2	WC		No
3080	G	MT-RNR2	WC		No
3081	A	MT-RNR2	WC		No
3082	G	MT-RNR2	loop-or-other		No
3083	T	MT-RNR2	loop-or-other		No
3084	A	MT-RNR2	loop-or-other		No
3085	A	MT-RNR2	loop-or-other		No
3086	T	MT-RNR2	WC		No
3087	C	MT-RNR2	WC		No
3088	C	MT-RNR2	WC		No
3089	A	MT-RNR2	loop-or-other		No
3090	G	MT-RNR2	WC		No
3091	G	MT-RNR2	WC		No
3092	T	MT-RNR2	WC		No
3093	C	MT-RNR2	WC		No
3094	G	MT-RNR2	loop-or-other		No
3095	G	MT-RNR2	loop-or-other		No
3096	T	MT-RNR2	loop-or-other		No
3097	T	MT-RNR2	loop-or-other		No
3098	T	MT-RNR2	WC		No
3099	C	MT-RNR2	WC		No
3100	T	MT-RNR2	loop-or-other		No
3101	A	MT-RNR2	loop-or-other		No
3102	T	MT-RNR2	WC		No
3103	C	MT-RNR2	WC		No
3104	T	MT-RNR2	WC		No
3105	A	MT-RNR2	loop-or-other		No
3106	C	MT-RNR2	WC		No
3108	T	MT-RNR2	WC		No
3109	T	MT-RNR2	loop-or-other		No
3110	C	MT-RNR2	loop-or-other		No
3111	A	MT-RNR2	loop-or-other		No
3112	A	MT-RNR2	loop-or-other		No
3113	A	MT-RNR2	WC		No
3114	T	MT-RNR2	WC		No
3115	T	MT-RNR2	WC		No
3116	C	MT-RNR2	loop-or-other		No
3117	C	MT-RNR2	WC		No
3118	T	MT-RNR2	WC		No
3119	C	MT-RNR2	WC		No
3120	C	MT-RNR2	loop-or-other		No
3121	C	MT-RNR2	loop-or-other		No
3122	T	MT-RNR2	loop-or-other		No
3123	G	MT-RNR2	loop-or-other		No
3124	T	MT-RNR2	loop-or-other		No
3125	A	MT-RNR2	loop-or-other		No
3126	C	MT-RNR2	WC		No
3127	G	MT-RNR2	loop-or-other		No
3128	A	MT-RNR2	loop-or-other		No
3129	A	MT-RNR2	loop-or-other		No
3130	A	MT-RNR2	loop-or-other		No
3131	G	MT-RNR2	WC		No
3132	G	MT-RNR2	loop-or-other		No
3133	A	MT-RNR2	loop-or-other		No
3134	C	MT-RNR2	loop-or-other		No
3135	A	MT-RNR2	loop-or-other		No
3136	A	MT-RNR2	loop-or-other		No
3137	G	MT-RNR2	WC		No
3138	A	MT-RNR2	WC		No
3139	G	MT-RNR2	WC		No
3140	A	MT-RNR2	loop-or-other		No
3141	A	MT-RNR2	WC		No
3142	A	MT-RNR2	WC		No
3143	T	MT-RNR2	WC		No
3144	A	MT-RNR2	WC		No
3145	A	MT-RNR2	WC		No
3146	G	MT-RNR2	WC		No
3147	G	MT-RNR2	WC		No
3148	C	MT-RNR2	WC		No
3149	C	MT-RNR2	loop-or-other		No
3150	T	MT-RNR2	loop-or-other		No
3151	A	MT-RNR2	loop-or-other		No
3152	C	MT-RNR2	WC		No
3153	T	MT-RNR2	WC		No
3154	T	MT-RNR2	WC		No
3155	C	MT-RNR2	loop-or-other		No
3156	A	MT-RNR2	loop-or-other		No
3157	C	MT-RNR2	loop-or-other		No
3158	A	MT-RNR2	loop-or-other		No
3159	A	MT-RNR2	WC		No
3160	A	MT-RNR2	WC		No
3161	G	MT-RNR2	WC		No
3162	C	MT-RNR2	loop-or-other		No
3163	G	MT-RNR2	WC		No
3164	C	MT-RNR2	WC		No
3165	C	MT-RNR2	WC		No
3166	T	MT-RNR2	WC		No
3167	T	MT-RNR2	WC		No
3168	C	MT-RNR2	loop-or-other		No
3169	C	MT-RNR2	loop-or-other		No
3170	C	MT-RNR2	loop-or-other		No
3171	C	MT-RNR2	loop-or-other		No
3172	C	MT-RNR2	loop-or-other		No
3173	G	MT-RNR2	loop-or-other		No
3174	T	MT-RNR2	WC		No
3175	A	MT-RNR2	WC		No
3176	A	MT-RNR2	WC		No
3177	A	MT-RNR2	loop-or-other		No
3178	T	MT-RNR2	loop-or-other		No
3179	G	MT-RNR2	loop-or-other		No
3180	A	MT-RNR2	loop-or-other		No
3181	T	MT-RNR2	loop-or-other		No
3182	A	MT-RNR2	loop-or-other		No
3183	T	MT-RNR2	loop-or-other		No
3184	C	MT-RNR2	loop-or-other		No
3185	A	MT-RNR2	loop-or-other		No
3186	T	MT-RNR2	loop-or-other		No
3187	C	MT-RNR2	loop-or-other		No
3188	T	MT-RNR2	loop-or-other		No
3189	C	MT-RNR2	loop-or-other		No
3190	A	MT-RNR2	loop-or-other		No
3191	A	MT-RNR2	loop-or-other		No
3192	C	MT-RNR2	loop-or-other		No
3193	T	MT-RNR2	WC		No
3194	T	MT-RNR2	WC		No
3195	A	MT-RNR2	WC		No
3196	G	MT-RNR2	loop-or-other		No
3197	T	MT-RNR2	loop-or-other		No
3198	A	MT-RNR2	loop-or-other		No
3199	T	MT-RNR2	loop-or-other		No
3200	T	MT-RNR2	loop-or-other		No
3201	A	MT-RNR2	loop-or-other		No
3202	T	MT-RNR2	loop-or-other		No
3203	A	MT-RNR2	loop-or-other		No
3204	C	MT-RNR2	loop-or-other		No
3205	C	MT-RNR2	loop-or-other		No
3206	C	MT-RNR2	loop-or-other		No
3207	A	MT-RNR2	loop-or-other		No
3208	C	MT-RNR2	loop-or-other		No
3209	A	MT-RNR2	loop-or-other		No
3210	C	MT-RNR2	loop-or-other		No
3211	C	MT-RNR2	loop-or-other		No
3212	C	MT-RNR2	loop-or-other		No
3213	A	MT-RNR2	WC		No
3214	C	MT-RNR2	WC		No
3215	C	MT-RNR2	WC		No
3216	C	MT-RNR2	WC		No
3217	A	MT-RNR2	loop-or-other		No
3218	A	MT-RNR2	loop-or-other		No
3219	G	MT-RNR2	loop-or-other		No
3220	A	MT-RNR2	loop-or-other		No
3221	A	MT-RNR2	loop-or-other		No
3222	C	MT-RNR2	loop-or-other		No
3223	A	MT-RNR2	loop-or-other		No
3224	G	MT-RNR2	WC		No
3225	G	MT-RNR2	WC		No
3226	G	MT-RNR2	WC		No
3227	T	MT-RNR2	WC		No
3228	T	MT-RNR2	loop-or-other		No
3229	T	MT-RNR2	loop-or-other		No
